Company_Name,Market,Country_Code,City,Founded_Year,Funding_Rounds,Funding_Total_USD,First_Funding_At,Last_Funding_At,Status
1CLICK, Chat ,IND,Bengaluru,2012,1,0,2014-01-26,2014-01-26,Operating
1mg,E-Commerce,IND,Gurgaon,2015,16,204600209,07-05-2015,19-10-2025,Operating
21Diamonds, E-Commerce ,IND,Gurgaon,2012,1,6369507,2012-11-15,2012-11-15,Operating
24x7 Learning, Education ,IND,Bengaluru,2001,1,4000000,2007-11-06,2007-11-06,Operating
3DSoC, Mobile ,IND,Bengaluru,2006,2,2065000,2007-12-01,2010-08-01,Operating
91Mobiles, Mobile ,IND,Gurgaon,2010,1,1000000,2014-10-29,2014-10-29,Operating
99Presents, E-Commerce ,IND,Vadodara,2012,1,20000,2012-09-01,2012-09-01,Operating
99tests, Software ,IND,Bengaluru,2011,3,210000,2010-12-01,2013-07-22,Operating
A LITTLE WORLD, Finance ,IND,Mumbai,2000,1,6410000,2008-09-09,2008-09-09,Operating
A.P Avanashiappa Silk, Retail ,IND,Tirupur,1946,2,96932,2010-09-15,2012-08-05,Operating
ABC Live, Advertising ,IND,Chandigarh,2007,1,25000,2007-01-05,2007-01-05,Closed
ACB (India) Limited, Mining Technologies ,IND,Gurgaon,1997,1,25090000,2008-03-31,2008-03-31,Operating
Accentium Web, Curated Web ,IND,Gurgaon,2007,1,2000000,2014-08-27,2014-08-27,Operating
Acision, Mobile ,IND,Gurgaon,1992,1,100000000,2010-10-05,2010-10-05,Operating
AddressHealth, Health Care ,IND,Bengaluru,2010,1,0,2014-06-20,2014-06-20,Operating
Adhysteria, Classifieds ,IND,Mumbai,2007,1,10000,2007-07-01,2007-07-01,Closed
Adlabs Imagica,Tourism & Hospitality,IND,Khopoli,2010,1,8180000,2014-10-28,2014-10-28,Operating
AdPushup, Apps ,IND,New Delhi,2013,1,632000,2014-10-29,2014-10-29,Operating
Affine Analytics, Big Data ,IND,Bengaluru,2011,1,100000,2012-01-01,2012-01-01,Operating
Affinity, Advertising ,IND,Mumbai,2006,2,85000000,1999-10-01,2002-01-01,Acquired
Agile, Finance Technology ,IND,Mumbai,2001,1,5740000,2011-05-01,2011-05-01,Operating
Agnikul, Manufacturing,IND,Chennai,2017,4,14543144,21-06-2019,24-02-2022,Operating
Airmeet, Software,IND,Bengaluru,2019,4,15000000,26-12-2019,12-06-2022,Operating
Airwoot, Analytics ,IND,New Delhi,2012,1,0,2013-08-26,2013-08-26,Operating
Ajahn, Education ,IND,Hyderabad,2013,1,100000,2014-01-18,2014-01-18,Operating
Aknamed,Health Care,IND,Bengaluru,2018,1,7000000,12-03-2020,20-07-2020,Operating
Akosha, Mobile ,IND,New Delhi,2010,2,5200000,2011-09-01,2014-07-01,Operating
Allied Digital Services, Consulting ,IND,Mumbai,1995,1,175000,2010-09-28,2010-09-28,Operating
AllSchoolStuff.com, Retail ,IND,Gurgaon,2011,1,1500000,2012-09-01,2012-09-01,Operating
AlphaBeta Labs, Education ,IND,Bengaluru,2010,1,40000,2012-07-17,2012-07-17,Operating
Alsbridge, BPO Services ,IND,Gurgaon,2003,1,0,2013-01-08,2013-01-08,
Althea Systems, Hardware + Software ,IND,Bengaluru,2009,1,3000000,2010-11-17,2010-11-17,Operating
Amagi Media Labs, Advertising ,IND,Bengaluru,2008,1,5500000,2013-06-17,2013-06-17,Operating
Ampere,,IND,Coimbatore,,1,0,2013-01-01,2013-01-01,Operating
AngelPrime, Finance ,IND,Bengaluru,,1,0,2012-10-24,2012-10-24,Operating
Aniika, Handmade ,IND,Bengaluru,2011,2,500000,2011-04-01,2012-07-30,Operating
Annapurna Microfinace, Finance ,IND,Bhubaneswar,2009,1,5000000,2014-03-26,2014-03-26,Operating
AntFarm, Fitness ,IND,Mumbai,2012,1,0,2014-08-06,2014-08-06,Operating
Anunta Technology Management Services, Enterprise Software ,IND,Mumbai,2011,1,3000000,2013-02-14,2013-02-14,Operating
Apalya, Entertainment ,IND,Hyderabad,,3,18500000,2009-10-01,2012-12-01,Operating
Apartment Adda, Price Comparison ,IND,Bengaluru,2008,1,0,2013-11-14,2013-11-14,Operating
Apna,EHuman Resources,IND,Mumbai,2019,4,93450000,07-09-2019,04-02-2022,Acquired
ApnaPaisa, Credit ,IND,Mumbai,2007,2,17200000,2007-01-30,2007-12-01,Operating
Appdra, Software ,IND,Bengaluru,2013,1,1500000,2014-07-22,2014-07-22,Operating
AppLabs, Software ,IND,Hyderabad,2001,1,10000000,2006-06-29,2006-06-29,Acquired
Applect Learning Systems Pvt. Ltd., Education ,IND,New Delhi,2008,1,1600000,2013-12-04,2013-12-04,Operating
Appsdaily Solutions, Software ,IND,Mumbai,2008,1,5000000,2014-04-10,2014-04-10,Operating
AppSurfer, Curated Web ,IND,Pune,2011,1,200000,2012-08-15,2012-08-15,Operating
Ariisto, Real Estate ,IND,Andheri,2006,2,54000000,2013-07-18,2014-01-24,Operating
Arohan Financial, Finance ,IND,Kolkata,2006,1,3500000,2013-10-03,2013-10-03,Operating
Array Storm, Consumer Electronics ,IND,Bengaluru,,1,0,2014-07-09,2014-07-09,Operating
ArthaYantra, Personal Finance ,IND,Hyderabad,,1,0,2012-11-07,2012-11-07,Operating
Artoo, Technology ,IND,Bengaluru,2010,2,130000,2010-05-16,2013-12-12,Operating
Arzooo.com,Retail,IND,Bengaluru,2018,6,14800000,14-12-2018,26-02-2023,Operating
Aspiring Minds, Education ,IND,Gurgaon,,1,0,2011-11-09,2011-11-09,Operating
atOnePlace.com, Real Estate ,IND,Noida,2006,1,250000,2008-09-20,2008-09-20,Acquired
Atria Brindavan Power, Clean Technology ,IND,Bengaluru,2000,1,8600000,2013-06-13,2013-06-13,Operating
Attero, Clean Technology ,IND,Noida,2007,4,28600000,2008-04-18,2014-08-28,Operating
Au FINANCIERS, E-Commerce ,IND,Jaipur,1996,1,21000000,2014-04-15,2014-04-15,Operating
AudioCompass, Guides ,IND,Mumbai,2009,1,400000,2014-02-18,2014-02-18,Operating
Aujas Networks, Security ,IND,Bengaluru,2008,3,11000000,2008-01-13,2013-11-27,Operating
Auro Mira Energy, Clean Technology ,IND,Chennai,,1,21000000,2010-09-28,2010-09-28,Operating
authorSTREAM.com, Curated Web ,IND,Chandigarh,2007,1,5000000,2010-12-15,2010-12-15,Operating
Avail Finance, FinTech,IND,Bengaluru,2017,5,41443027,07-12-2019,08-12-2023,Operating
Avanse Financial Services, Education ,IND,Mumbai,2012,1,2300000,2013-08-07,2013-08-07,Operating
Avantha, Hardware + Software ,IND,New Delhi,,1,150000000,2013-12-16,2013-12-16,Operating
Avataar.Me, E-Commerce,IND,Bengaluru,2016,1,7000000,14-03-2018,14-03-2018,Closed
Avaz, Neuroscience ,IND,Chennai,2009,1,550000,2014-04-22,2014-04-22,Operating
Avesthagen, Biotechnology ,IND,Bengaluru,,1,5530000,2007-05-07,2007-05-07,Operating
Awign Enterprises,E-Commerce,IND,Bengaluru,2016,5,5463025,04-08-2017,06-02-2021,Operating
AxisRooms, Software ,IND,Bengaluru,2009,1,0,2013-09-24,2013-09-24,Operating
Aye Finance,FinTech,IND,Gurgaon,2014,23,261193454,10-10-2014,02-10-2025,Operating
Azure Power, Clean Technology ,IND,New Delhi,2008,5,32200000,2008-11-18,2013-04-18,Operating
Babajob, Curated Web ,IND,Bengaluru,2007,1,0,2012-06-01,2012-06-01,Operating
Babyoye, E-Commerce ,IND,Mumbai,2010,2,2500000,2011-04-15,2011-12-01,Operating
BankBazaar.com, Insurance ,IND,Chennai,2008,2,19000000,2011-03-18,2014-01-13,Operating
BankerBay Technologies, Finance ,IND,Bengaluru,2012,1,1000000,2014-05-02,2014-05-02,Operating
Bay Talkitec (P), Messaging ,IND,Chennai,1991,1,2500000,2008-01-30,2008-01-30,Operating
Bedbathmore.com, E-Commerce ,IND,Mumbai,2010,1,0,2013-05-29,2013-05-29,Operating
beStylish.com, Shoes ,IND,Gurgaon,2011,1,10000000,2012-06-01,2012-06-01,
Betterhalf, Dating,IND,Bengaluru,2016,3,4600000,14-08-2017,25-07-2019,Operating
Bharat Matrimony, Match-Making ,IND,Chennai,1969,1,11750000,2008-02-05,2008-02-05,Operating
BharatPe,FinTech,IND,New Delhi,2018,7,290345855,26-08-2018,13-09-2024,Operating
BIBA Apparels,,IND,New Delhi,1988,1,48600000,2013-12-05,2013-12-05,Operating
Bigbasket.com, E-Commerce ,IND,Bengaluru,2011,2,35799999,2014-04-15,2014-09-12,Operating
Bijlipay, E-Commerce ,IND,Chennai,2007,1,2000000,2014-10-25,2014-10-25,Operating
Billdesk, Curated Web ,IND,Ahmedabad,2000,1,0,2012-04-04,2012-04-04,Operating
BimaPe,FinTech,IND,Mumbai,2020,2,545000,25-01-2020,09-07-2021,Operating
Bimaplan, Insurance,IND,Bengaluru,2020,2,3000000,08-01-2022,03-03-2023,Operating
Biotz, Hardware ,IND,New Delhi,2012,2,35000,2013-05-13,2014-06-04,Operating
Bira 91,Food and Beverage,IND,New Delhi,2015,14,160465015,07-09-2016,08-09-2025,Operating
Birds Eye Systems, Health Care ,IND,Mumbai,2010,2,320000,2013-12-06,2014-09-30,Operating
Biscoot, Games ,IND,Mumbai,2012,1,0,2013-10-31,2013-10-31,Operating
BitX, Financial Services ,IND,Mumbai,2013,1,800000,2014-08-19,2014-08-19,Operating
Bizeso Services Private Limited, Legal ,IND,New Delhi,2011,1,0,2011-09-25,2011-09-25,Operating
bizsol, Software ,IND,Chennai,2011,1,50000,2011-02-01,2011-02-01,Operating
BlackBamboozStudio,,IND,Guwahati,2012,1,19889,2013-08-01,2013-08-01,Operating
Blackbuck, Logistics,IND,Bengaluru,2015,8,296995198,05-08-2016,12-03-2023,Operating
Blowhorn, Marketplaces ,IND,Bengaluru,2013,1,0,2014-11-13,2014-11-13,Operating
Blue Bus Tees, E-Commerce ,IND,Mumbai,2008,1,0,2013-07-25,2013-07-25,Operating
Bluegape Lifestyle, E-Commerce ,IND,New Delhi,2011,3,270000,2012-02-01,2014-01-08,Operating
Bluestone.com, Curated Web ,IND,Bengaluru,2011,2,15000000,2012-01-24,2014-03-18,Operating
BluSmart Mobility,Electric Vehicle,IND,Ahmedabad,2019,5,17062939,01-03-2019,26-05-2023,Operating
boAt,Consumer Electronics,IND,New Delhi,2016,6,116258656,10-10-2018,13-12-2023,Operating
Bobble AI,Artificial Intelligence,IND,Haryana,2015,5,13275213,17-07-2017,04-04-2021,Operating
Bodhicrew Services Private Limited, Training ,IND,New Delhi,,1,0,2012-02-07,2012-02-07,Operating
Bombay Shaving Company, E-Commerce,IND,New Delhi,2015,6,17696569,02-06-2017,13-10-2022,Operating
Bookmycab, Public Transportation ,IND,Mumbai,,1,6500000,2014-02-19,2014-02-19,Operating
BookMyForex.com, E-Commerce ,IND,Gurgaon,2012,1,0,2012-07-01,2012-07-01,Operating
Bookmytrainings PVT Ltd, Education ,IND,Bengaluru,2011,1,0,2012-06-04,2012-06-04,Operating
Boond, Product Development Services ,IND,New Delhi,,1,0,2014-08-20,2014-08-20,Operating
Brainwave Education, Education ,IND,Bengaluru,2012,1,40000,2013-11-19,2013-11-19,Operating
Brandpotion, Advertising ,IND,Mumbai,2009,1,0,2009-01-01,2009-01-01,Operating
Browntape, E-Commerce ,IND,Goa,2012,3,60000,2013-08-01,2014-04-04,Operating
BTI Payments, Curated Web ,IND,Bengaluru,1991,1,22400000,2013-11-29,2013-11-29,Operating
burrp!, Local ,IND,Mumbai,2006,2,2150000,2006-12-01,2007-11-01,Operating
Buyt.In, Search ,IND,New Delhi,2012,1,1000000,2013-06-26,2013-06-26,Operating
BVG India, Consulting ,IND,Pune,,1,0,2008-09-30,2008-09-30,Operating
Callystro, Mobile Games ,IND,Mangalore,2012,1,36000,2013-03-01,2013-03-01,Operating
Campus Diaries, Education ,IND,Bengaluru,2012,1,175000,2014-03-14,2014-03-14,Operating
Canvera Digital Technologies, Software ,IND,Bengaluru,2007,6,12153000,2010-09-21,2014-10-22,Operating
Capital Float, Financial Services ,IND,Bengaluru,2013,2,3000000,2014-06-25,2014-08-05,Operating
Capricorn Food Products India, Hospitality ,IND,Chennai,1998,1,10000000,2013-07-22,2013-07-22,Operating
Captronic Systems, Manufacturing ,IND,Bengaluru,,1,3318000,2012-03-29,2012-03-29,Operating
CaptureSolar Energy,,IND,Pune,2013,1,125000000,2014-06-01,2014-06-01,Operating
CaratLane, E-Commerce ,IND,Chennai,2008,2,21000000,2011-06-22,2013-05-13,Operating
Cardback, Mobile ,IND,New Delhi,2012,1,170000,2014-06-27,2014-06-27,Operating
Careers360, Education ,IND,Delhi,2008,1,0,2014-06-16,2014-06-16,Operating
CARS24,E-Commerce,IND,Gurgaon,2015,5,393848044,26-11-2016,25-07-2020,Operating
CarTrade, Motors ,IND,Mumbai,2009,1,30200000,2014-10-13,2014-10-13,Operating
CarWale, E-Commerce ,IND,Mumbai,2005,2,7000000,2006-12-14,2008-11-05,Acquired
Casa Grande, Real Estate ,IND,Chennai,2004,1,9500000,2013-06-17,2013-06-17,Operating
Cashfree,FinTech,IND,Bengaluru,2015,4,40920000,20-09-2016,03-09-2019,Operating
Cashify,E-Commerce,IND,Gurgaon,2015,5,28000000,08-06-2017,09-11-2021,Operating
Catacomb Technologies, Software ,IND,Cochin,2013,1,10000,2013-08-31,2013-08-31,Operating
Catapooolt, Games ,IND,Mumbai,,1,0,2014-04-07,2014-04-07,Operating
Cbazaar.com,,IND,Chennai,,1,0,2014-11-24,2014-11-24,Operating
CE Info Systems, Software ,IND,New Delhi,1992,2,34000000,2007-08-09,2009-02-15,Operating
Cedar Books,,IND,New Delhi,2007,1,1000000,2012-12-01,2012-12-01,Operating
Cell Propulsion,Automotive,IND,Bengaluru,2016,6,4074000,01-05-2017,10-03-2022,Operating
Celon Laboratories, Biotechnology ,IND,Hyderabad,2007,1,15800000,2010-10-08,2010-10-08,Operating
Centre for Sight, Biotechnology ,IND,New Delhi,1996,1,5000000,2013-07-03,2013-07-03,Operating
CEON Solutions Pvt, Education ,IND,Nasrapur,2004,1,688000,2007-03-20,2007-03-20,Operating
Cerana Beverages, Wine And Spirits ,IND,,,1,0,2014-06-13,2014-06-13,Operating
CESC, Utilities ,IND,Kolkata,,1,80000000,2014-10-29,2014-10-29,Operating
Chakpak Media, News ,IND,Bengaluru,,1,5000000,2008-12-22,2008-12-22,Operating
Channel Mentor IT,,IND,Bengaluru,,1,286509,2013-04-01,2013-04-01,Operating
Chingari,"Social, Video",IND,Bengaluru,2018,5,14340302,24-01-2018,27-01-2022,Operating
Chqbook,Finance,IND,Delhi,2017,3,6000000,02-02-2017,22-12-2019,Operating
Chumbak, E-Commerce ,IND,Bengaluru,2009,2,2000000,2013-02-17,2014-05-20,Operating
Cians Analytics, Outsourcing ,IND,Gurgaon,2009,1,2000000,2009-09-01,2009-09-01,Operating
CircuitSutra Technologies, Semiconductors ,IND,Noida,2005,1,198000,2010-01-14,2010-01-14,Operating
Citrus, E-Commerce ,IND,Mumbai,2011,2,7300000,2012-01-01,2013-12-06,Operating
CityMall,E-Commerce,IND,Gurgaon,2019,5,37100000,01-05-2021,19-01-2025,Operating
Claro Energy, Clean Technology ,IND,Delhi,2011,1,0,2013-10-22,2013-10-22,Operating
Classplus,Education,IND,Noida,2018,10,89506451,06-01-2020,05-08-2025,Operating
Classteacher Learning Systems, Education ,IND,Gurgaon,1999,1,15000000,2011-06-27,2011-06-27,Operating
Clear-Data Analytics, Consulting ,IND,Noida,2013,1,100000,2013-05-15,2013-05-15,Operating
ClearTax, Finance ,IND,Delhi,,1,120000,2014-07-16,2014-07-16,Operating
Cleartrip, Travel ,IND,Mumbai,2006,4,56400000,2006-01-01,2014-05-12,Operating
Clonect Solutions, Enterprises ,IND,Bengaluru,,1,246517,2014-09-19,2014-09-19,Operating
Cloud Amenity, Consulting ,IND,Chennai,2013,1,0,2014-06-06,2014-06-06,Operating
CoCubes.com, Technology ,IND,Gurgaon,2007,1,0,2009-05-01,2009-05-01,Operating
Codelearn, E-Commerce ,IND,Bengaluru,2012,1,150000,2012-12-01,2012-12-01,Operating
CodeNxt Web Technologies Private Limited, Consulting ,IND,Ahmedabad,2010,2,32848,2010-07-01,2014-01-01,Operating
CoinDCX, Financial Services,IND,Mumbai,2017,3,5500000,20-03-2017,27-12-2019,Operating
Collisionable, Entrepreneur ,IND,New Delhi,2013,1,16500,2013-09-05,2013-09-05,Operating
Comat Technologies,,IND,Bengaluru,1996,3,25000000,2007-03-10,2008-10-01,Closed
CommonFloor, Real Estate ,IND,Bengaluru,2007,3,47900000,2013-06-04,2014-09-24,Operating
ConnectM Technology Solutions, Mobility ,IND,Bengaluru,2007,2,10000000,2007-06-27,2010-08-01,Operating
Convin,Analytics,IND,Bengaluru,2019,1,300000,09-04-2021,09-04-2021,Operating
Convosight,Social Media Management,IND,Delhi,2019,2,13000000,18-09-2019,10-07-2020,Operating
Cooolio Online, Software ,IND,Bengaluru,2010,1,210000,2013-09-30,2013-09-30,Operating
Cooptions Technologies, Software ,IND,Hyderabad,1999,1,10000000,2009-11-23,2009-11-23,Closed
Core Diagnostics, Biotechnology ,IND,Gurgaon,,1,5000000,2012-07-01,2012-07-01,Operating
CostPrize, E-Commerce ,IND,Bengaluru,2011,2,200000,2013-03-15,2014-11-11,Operating
Country Delight, Delivery Service,IND,Sohna,2015,9,44247827,09-09-2017,19-03-2025,Operating
Covacsis, Services ,IND,Mumbai,2009,3,450000,2012-09-24,2014-06-24,Operating
Craftsvilla, E-Commerce ,IND,Mumbai,2011,3,1838042,2011-10-19,2014-06-01,Operating
CRED, FinTech,IND,Bengaluru,2018,6,471205550,24-04-2020,24-06-2025,Operating
CredFlow,"Credit, Financial Services",IND,New Delhi,2019,1,1824000,20-08-2020,20-08-2020,Operating
Credii, Software ,IND,Bengaluru,2011,3,90000,2012-02-09,2013-05-01,Operating
Crispify, Video ,IND,Bengaluru,2013,1,40000,2013-07-01,2013-07-01,Operating
Crispy Games Private Limited, Games ,IND,Mumbai,2011,1,40000,2013-03-13,2013-03-13,Operating
CRMnext, Software ,IND,Mumbai,2002,1,7003500,2014-05-06,2014-05-06,Operating
CropIn Technologies, Mobility ,IND,Bengaluru,2010,1,0,2014-03-26,2014-03-26,Operating
Crude Area, Product Design ,IND,Mumbai,2012,2,115015,2013-07-29,2013-08-01,Operating
Cubicle, Consulting ,IND,Mumbai,,1,40000,2013-12-16,2013-12-16,Operating
Cubito,,IND,Bengaluru,2012,2,0,2013-07-29,2013-09-23,Operating
Cultivate IT Solutions & Management Pvt. Ltd., Software ,IND,Ghaziabad,2010,1,20000,2010-03-31,2010-03-31,Closed
Culture Machine, Entertainment ,IND,Mumbai,2013,1,3500000,2014-09-01,2014-09-01,Operating
CultureAlley, Facebook Applications ,IND,Jaipur,2012,3,345000,2013-03-01,2014-04-01,Operating
CURA Healthcare, Medical Devices ,IND,Chennai,2001,2,15000000,2012-01-01,2014-06-11,Operating
cure.fit, Health Care,IND,Bengaluru,2016,10,479575960,03-09-2017,18-09-2025,Operating
Curves, Health and Wellness ,IND,Bengaluru,,1,0,2012-09-11,2012-09-11,Operating
CustomerXPs Software, Software ,IND,Bengaluru,2006,1,4000000,2011-06-14,2011-06-14,Operating
Cygnus Medicare, Health and Wellness ,IND,New Delhi,2011,1,9760000,2014-10-17,2014-10-17,Operating
DailyObjects.com, Fashion ,IND,New Delhi,2012,1,0,2012-01-01,2012-01-01,Operating
DaMENSCH,E-Commerce,IND,Bengaluru,2018,3,7650000,02-02-2019,03-06-2021,Operating
Dataresolve Technologies, Security ,IND,Kolkata,2008,2,20000,2008-08-08,2011-01-06,Operating
dateIITians, Women ,IND,Bengaluru,2012,1,20000,2011-12-28,2011-12-28,Operating
DealsAndYou, Group Buying ,IND,Gurgaon,2010,2,18500000,2010-08-01,2011-11-01,Operating
DecideQuick, Social Media ,IND,Trivandrum,2011,1,100000,2012-01-14,2012-01-14,Operating
Deck App Technologies, Enterprise Software ,IND,Bengaluru,2012,1,600000,2013-12-16,2013-12-16,Operating
Delhivery, Supply Chain Management ,IND,Gurgaon,2011,3,42500000,2012-08-01,2014-09-08,Operating
DeliveryChef.in, E-Commerce ,IND,Mumbai,2010,1,0,2013-11-12,2013-11-12,Operating
Delyver.com, Online Shopping ,IND,Bengaluru,2010,1,1000000,2014-11-28,2014-11-28,Operating
Denty's, Dental ,IND,Hyderabad,,1,4500000,2014-05-05,2014-05-05,Operating
DesiCrew Solutions, Education ,IND,Chennai,2007,1,1200000,2012-01-01,2012-01-01,Operating
Dexetra, Android ,IND,Cochin,2010,2,1200000,2011-10-17,2013-01-31,Operating
Diabeto, Mobile ,IND,Mumbai,2012,1,40000,2012-11-26,2012-11-26,Operating
Diditz, Social Media ,IND,New Delhi,2008,1,0,2009-01-01,2009-01-01,Closed
Digit Insurance,Finance,IND,Bengaluru,2016,5,244460150,04-09-2016,04-01-2020,Operating
Digital Class E-Learning Marketplace,EdTech,IND,Ahmedabad,2017,1,42000,16-05-2017,16-05-2017,Operating
Digital Music India, Music ,IND,Mumbai,2004,1,4500000,2006-12-23,2006-12-23,Operating
Dimensions IT Infrastructure Solutions, E-Commerce ,IND,Pune,2011,1,0,2013-11-02,2013-11-02,Operating
dineout, Curated Web ,IND,Delhi,,1,0,2014-01-24,2014-01-24,Operating
Disruptive By Design, Social Media ,IND,Kolkata,2011,1,10000,2011-05-01,2011-05-01,Operating
Dixon Technologies, Hardware + Software ,IND,Noida,,1,9350000,2008-04-28,2008-04-28,Operating
DocsApp,Health Care,IND,Bengaluru,2015,5,27575748,22-03-2017,22-07-2021,Operating
DoctorC, Doctors ,IND,Hyderabad,2013,1,410000,2014-09-16,2014-09-16,Operating
DocTree, Health Care ,IND,Bengaluru,,2,0,2013-02-21,2014-02-27,Operating
DogSpot, Pets ,IND,Gurgaon,2007,1,5000000,2013-12-13,2013-12-13,Operating
Doubtnut, EdTech,IND,Gurgaon,2016,5,49939813,05-01-2018,16-12-2022,Operating
Dr Lal PathLabs, Biotechnology ,IND,Haryana,,1,0,2010-08-26,2010-08-26,Operating
Droom, E-Commerce,IND,Haryana,2014,7,133000000,14-10-2014,24-11-2020,Operating
DukaanÂ®,DIY,IND,Bengaluru,2019,1,6000000,03-04-2021,03-04-2021,Operating
Dunzo,Delivery Service,IND,Bengaluru,2015,15,128399438,21-04-2015,01-07-2025,Operating
e Health Access, Health and Wellness ,IND,Hyderabad,2013,1,560000,2014-02-07,2014-02-07,Operating
E2E Networks, Cloud Computing ,IND,Faridabad,2008,3,176605,2009-11-01,2013-06-30,Operating
EarlySalary,Financial Services,IND,Pune,2015,7,33267529,25-02-2017,22-10-2023,Operating
Ease My Sell, Freelancers ,IND,Mumbai,2012,1,200000,2012-06-04,2012-06-04,Operating
Eashmart, Mobile ,IND,Delhi,,1,0,2014-01-31,2014-01-31,Operating
Easy Square Feet, Real Estate ,IND,Bengaluru,2009,1,0,2009-08-13,2009-08-13,Operating
EasyLink, Web Hosting ,IND,Chennai,1995,1,5400000,2006-04-13,2006-04-13,Operating
EBS Worldwide Services, Advertising ,IND,Mumbai,2000,1,5500000,2006-06-07,2006-06-07,Operating
Ecolibrium, Hardware + Software ,IND,Ahmedabad,2009,1,1600000,2013-05-27,2013-05-27,Operating
Ecom Express, Logistics ,IND,Gurgaon,2013,1,16500000,2014-09-09,2014-09-09,Operating
Ecozen Solutions, Clean Technology ,IND,Nagpur,2010,1,0,2013-12-12,2013-12-12,Operating
eDabba, Fashion ,IND,Mumbai,2011,3,2850000,2012-04-01,2013-09-06,Operating
eDreams Edusoft, Software ,IND,Bengaluru,2010,1,2000000,2013-05-29,2013-05-29,Operating
Edserv Softsystems, Education ,IND,Chennai,2001,1,964000,2008-03-27,2008-03-27,Closed
Edsix Brain Lab Private Limited, Kids ,IND,Chennai,2013,1,50000,2013-06-30,2013-06-30,Operating
EduKart, Education ,IND,New Delhi,2011,1,500000,2013-05-30,2013-05-30,Operating
edupristine, Corporate Training ,IND,Mumbai,2007,1,1500000,2014-04-08,2014-04-08,Operating
Edutor, Education ,IND,Hyderabad,,1,400000,2012-03-26,2012-03-26,Operating
Egully, E-Commerce ,IND,Delhi,2009,1,50000,2009-01-01,2009-01-01,Operating
Eka Software Solutions, Logistics ,IND,Bengaluru,2004,3,16000000,2005-01-01,2013-10-15,Operating
Eko India Financial Services, Finance ,IND,New Delhi,,1,5500000,2011-07-11,2011-07-11,Operating
Electronic Payment and Services (EPS), Hardware + Software ,IND,Mumbai,2012,2,11000000,2013-08-26,2013-12-17,Operating
Embibe, Education ,IND,Mumbai,2012,1,4000000,2014-05-05,2014-05-05,Operating
Emergent Ventures India, Consulting ,IND,Gurgaon,1999,1,10040000,2008-04-06,2008-04-06,Operating
eMithilaHaat, Art ,IND,Darbhanga,2013,1,5000,2013-10-25,2013-10-25,Operating
emo2 Inc, Hardware + Software ,IND,Bengaluru,2011,1,0,2011-02-02,2011-02-02,Operating
Empower Futures,,IND,Ahmedabad,2012,1,16000,2013-01-01,2013-01-01,
Equitas Holdings, Finance ,IND,Chennai,2007,1,16000000,2013-12-20,2013-12-20,Closed
ERC Eye Care, Biotechnology ,IND,Jorhat,2011,1,0,2013-12-18,2013-12-18,Operating
Eruvaka Technologies, Manufacturing ,IND,Vijayawada,2012,1,0,2013-11-26,2013-11-26,Operating
Etable, Social Media ,IND,Bengaluru,2012,1,100000,2013-01-10,2013-01-10,Operating
etechies.in,,IND,Gurgaon,,1,2003257,2011-11-01,2011-11-01,Operating
Etown India Services, Local Businesses ,IND,Kovilpatti,,1,110000,2012-03-15,2012-03-15,Operating
Eventifier, Curated Web ,IND,Bengaluru,2012,1,500000,2013-12-02,2013-12-02,Operating
Eventus Software Pvt, Software ,IND,Chennai,2011,1,130000,2014-04-28,2014-04-28,
Exam18, Marketplaces ,IND,Mumbai,2013,1,81208,2014-01-12,2014-01-12,Operating
Examify, Big Data ,IND,Mumbai,2012,1,80000,2014-08-18,2014-08-18,Operating
Excellence4u, Consulting ,IND,Bengaluru,2011,1,10000000,2013-05-28,2013-05-28,Operating
Excelsoft, Education ,IND,Mysore,1999,1,8620000,2008-09-17,2008-09-17,Operating
EximSoft-Trianz, Software ,IND,Bengaluru,1997,1,14000000,2007-01-16,2007-01-16,Acquired
Exotel, Messaging ,IND,Bengaluru,,1,500000,2012-03-27,2012-03-27,Operating
Experifun, Education ,IND,Bengaluru,2012,2,335000,2013-11-27,2014-09-19,Operating
Explara, Ticketing ,IND,Bengaluru,2008,2,0,2013-02-12,2013-02-18,Operating
eYantra Industries, Software ,IND,Hyderabad,2001,1,7500000,2010-07-08,2010-07-08,Operating
Eye-Q, Health and Wellness ,IND,Gurgaon,2007,1,4500000,2014-01-30,2014-01-30,Operating
Ezetap, Mobile ,IND,Bengaluru,2011,3,11500000,2012-11-01,2014-03-20,Operating
EZMove, E-Commerce ,IND,Pune,2013,1,165000,2014-08-22,2014-08-22,Operating
F5 Refreshement,Food and Beverage,IND,New Delhi,2018,2,621291,08-03-2019,18-08-2020,Operating
FAB BAG, Subscription Businesses ,IND,Mumbai,2012,1,500000,2013-02-18,2013-02-18,
FabAlley, E-Commerce ,IND,Noida,2012,1,0,2013-11-20,2013-11-20,Operating
Fabhotels,E-Commerce,IND,Gurgaon,2015,7,48598636,11-09-2015,16-06-2021,Operating
FamPay,Financial Services,IND,Bengaluru,2019,3,42850000,23-10-2021,03-10-2023,Operating
Fareye, Software ,IND,New Delhi,2008,1,320000,2014-09-11,2014-09-11,Operating
FarMart,Agriculture,IND,Gurgaon,2015,4,3280204,04-09-2017,01-04-2020,Operating
Fashion & You, E-Commerce ,IND,Gurgaon,2009,2,48000000,2010-12-09,2011-11-14,Operating
fashionandyou.com, Fashion ,IND,Gurgaon,2009,1,10000000,2014-06-06,2014-06-06,Operating
Favista Real Estate, Real Estate ,IND,Gurgaon,2011,1,2000000,2012-01-01,2012-01-01,Operating
Fifth Generation Technologies India Private, Software ,IND,Chennai,1998,1,3310000,2009-11-25,2009-11-25,Operating
FilmySphere Entertainment Pvt Ltd, Games ,IND,Bengaluru,2013,1,100000,2014-05-23,2014-05-23,Operating
Financepeer,Financial Services,IND,Mumbai,2017,3,3709141,19-12-2018,15-07-2020,Operating
Financial Information Network & Operations Pvt, Finance ,IND,Mumbai,2006,2,35000000,2007-03-03,2009-12-09,Closed
Financial Software Systems, Software ,IND,Chennai,1991,1,57000000,2014-10-14,2014-10-14,Operating
FindURClass,,IND,Mumbai,2013,1,250000,2014-11-26,2014-11-26,Operating
FindYogi, Consumers ,IND,Bengaluru,2012,1,100000,2013-07-19,2013-07-19,Operating
Firepro Systems, Security ,IND,Bengaluru,1992,1,12000000,2006-04-04,2006-04-04,Operating
FirstCry.com, E-Commerce ,IND,Pune,2010,2,29000000,2012-02-13,2014-01-21,Operating
FirstRide, Automotive ,IND,Bengaluru,2012,1,0,2014-09-18,2014-09-18,Operating
Fisdom,Financial Services,IND,Bengaluru,2015,6,23450864,23-02-2016,19-06-2021,Operating
FixNix Inc., Network Security ,IND,Vellore,2012,2,325020,2013-11-01,2014-01-16,Operating
Flat.to, Real Estate ,IND,Mumbai,2013,1,0,2013-07-08,2013-07-08,Operating
Flatheads,Retail,IND,Bengaluru,2019,2,725000,20-01-2020,06-10-2021,Operating
FleAffair, Internet ,IND,New Delhi,2013,1,10000,2013-11-21,2013-11-21,Operating
Flinto, E-Commerce ,IND,Chennai,,2,335000,2013-08-27,2014-10-02,Operating
flipClass, Education ,IND,Bengaluru,2013,1,250000,2014-08-14,2014-08-14,Operating
Flipkart, Online Shopping ,IND,Bengaluru,2007,11,2351140000,2009-01-01,2014-11-24,Operating
Flock,Developer Platform,IND,Mumbai,2014,3,45000000,06-07-2016,02-12-2018,Operating
Flutura Solutions, Software ,IND,Bengaluru,2012,1,0,2013-11-21,2013-11-21,Operating
FORMCEPT, Big Data Analytics ,IND,Bengaluru,2011,1,0,2013-06-01,2013-06-01,Operating
FortunePay, Financial Services ,IND,Bengaluru,2011,1,1000000,2014-06-05,2014-06-05,Operating
Forus Health, Health Care ,IND,Bengaluru,,2,13400000,2012-04-27,2014-01-09,Operating
Four Interactive, Curated Web ,IND,Bengaluru,2006,2,12000000,2007-02-01,2007-09-01,Operating
Framebench, Collaboration ,IND,New Delhi,2012,1,150000,2013-01-25,2013-01-25,Operating
FreeCharge, Payments ,IND,Mumbai,2010,1,33000000,2014-09-01,2014-09-01,Operating
FREECULTR, Women ,IND,Haryana,2011,1,9000000,2012-07-17,2012-07-17,Operating
Freight Tiger,Logistics,IND,Mumbai,2014,1,6600000,05-01-2015,12-12-2015,Closed
FreshMenu,Delivery,IND,Bengaluru,2014,7,25837687,19-07-2014,24-11-2020,Operating
FreshMonk, E-Commerce ,IND,Noida,,1,0,2014-11-01,2014-11-01,Operating
Freshtohome,E-Commerce,IND,Bengaluru,2015,9,152000000,11-06-2017,05-12-2025,Operating
Frilp, E-Commerce ,IND,Chennai,2013,1,500000,2014-08-08,2014-08-08,Operating
frintit, Postal and Courier Services ,IND,Bengaluru,2012,1,75000,2012-06-01,2012-06-01,Operating
FrontalRain Technologies, Software ,IND,Bengaluru,,1,0,2012-09-28,2012-09-28,Operating
Function Space, Social Network Media ,IND,Pune,2013,1,0,2014-04-16,2014-04-16,Operating
Fyle,Accounting,IND,Bengaluru,2016,5,10361312,21-08-2016,12-12-2020,Operating
Fyllo,Agriculture,IND,Bengaluru,2019,4,557033,04-07-2019,13-06-2022,Operating
G2One Network, Publishing ,IND,New Delhi,2011,2,0,2012-02-03,2013-07-09,Operating
Games2Win, Games ,IND,Mumbai,2005,3,13000000,2007-03-29,2013-03-15,Operating
GAP Miners, Software ,IND,Hyderabad,2008,1,500000,2008-01-01,2008-01-01,Operating
Gati Infrastructure, Clean Technology ,IND,Secunderabad,2003,1,43000000,2013-06-28,2013-06-28,Operating
Gayatrishakti Paper & Boards, Manufacturing ,IND,Gujrat,1996,1,4000000,2014-04-23,2014-04-23,Operating
Gecko, Hardware + Software ,IND,Bengaluru,2007,1,50000,2013-10-11,2013-10-11,Operating
GemPundit, Jewelry ,IND,Gurgaon,2012,1,0,2014-10-08,2014-10-08,Operating
Genii Technologies, Mobile ,IND,Mumbai,2011,2,100000,2011-05-12,2014-04-01,Operating
GenY Medium, Social Media ,IND,Hyderabad,2011,1,500000,2013-05-30,2013-05-30,Operating
Germin8, Social Media ,IND,Mumbai,2007,2,5400000,2013-01-01,2014-03-27,Operating
Get My Parking,Automotive,IND,New Delhi,2015,5,10392793,10-02-2015,17-03-2019,Operating
Getit InfoServices, Search ,IND,New Delhi,,1,36400000,2013-06-03,2013-06-03,Operating
Gift2Greet.com, E-Commerce ,IND,Madhapur,2007,1,250000,2014-01-01,2014-01-01,Operating
Giftindia24x7.com,,IND,Kolkata,2001,1,0,2001-01-02,2001-01-02,Operating
Giftology, Social Media ,IND,New Delhi,,1,0,2013-01-31,2013-01-31,Closed
Giftxoxo, E-Commerce ,IND,Bengaluru,2012,1,0,2013-07-10,2013-07-10,Operating
GigsJam, Music ,IND,New Delhi,2014,1,8000,2014-07-23,2014-07-23,Operating
Gingersoft Media, Advertising ,IND,Bengaluru,,1,2000000,2007-11-29,2007-11-29,Closed
Gingr, Mobile ,IND,Gurgaon,,1,28000,2012-10-15,2012-10-15,Operating
Gini & Jony, E-Commerce ,IND,Mumbai,1980,1,18000000,2013-05-14,2013-05-14,Operating
girnarsoft, Software ,IND,Jaipur,2007,1,15000000,2013-11-20,2013-11-20,Operating
Giveter, Advertising ,IND,Haryana,2012,1,500000,2013-12-16,2013-12-16,Operating
Gland Pharma, Biotechnology ,IND,Hyderabad,,1,200000000,2013-11-28,2013-11-28,Operating
Global Talent Track, Corporate Training ,IND,Pune,2008,1,0,2009-01-14,2009-01-14,Operating
GlowRoad,E-Commerce,IND,Bengaluru,2017,4,31300000,21-10-2017,09-07-2020,Operating
GMR Group, Consulting ,IND,Bengaluru,1978,1,398350000,2014-01-27,2014-01-27,Operating
GoCoop, Software ,IND,Bengaluru,2011,2,70000,2013-12-17,2013-12-17,Operating
GoMechanic,E-Commerce,IND,Gurgaon,2016,8,59849371,26-01-2016,01-10-2023,Operating
Goodera, Software,IND,Bengaluru,2014,3,17612830,26-09-2016,15-09-2018,Operating
GourmetItUp, Restaurants ,IND,Mumbai,2012,1,300000,2014-10-27,2014-10-27,Operating
Grabhouse, Real Estate ,IND,Mumbai,2013,3,2500000,2014-01-21,2014-11-05,Operating
GrabInbox, Facebook Applications ,IND,Mumbai,2011,1,40000,2011-06-20,2011-06-20,Operating
GradeStack, Education ,IND,Noida,2012,1,0,2014-03-28,2014-03-28,Operating
Gradeup,Education,IND,Noida,2015,5,10020000,22-02-2017,08-09-2021,Operating
Grama Vidiyal Micro Finance, Finance ,IND,,,1,0,2014-01-07,2014-01-07,Operating
Gramco, Real Estate ,IND,Indore,2009,1,2300000,2013-08-26,2013-08-26,Operating
Grameen Financial Services, Finance ,IND,Bengaluru,1999,2,21556050,2013-12-04,2014-05-16,Operating
GramVaani,,IND,New Delhi,2009,1,500000,2013-07-08,2013-07-08,Operating
Gray Routes Innovative Distribution, Mobile ,IND,Mumbai,2013,1,110000,2013-07-23,2013-07-23,Operating
Greencart, E-Commerce ,IND,Mumbai,2013,1,1500000,2014-03-28,2014-03-28,Operating
GreenDust, E-Commerce ,IND,Delhi,2008,1,40000000,2012-06-28,2012-06-28,Operating
Greenko Group, Clean Technology ,IND,Hyderabad,,2,241983286,2010-01-28,2014-10-24,Operating
Grey Orange Robotics, Robotics ,IND,Gurgaon,2011,1,0,2014-04-29,2014-04-29,Operating
GridAnts, Startups ,IND,Mumbai,2012,1,3000000,2014-09-02,2014-09-02,Operating
Gridle.in, Collaboration ,IND,Ahmedabad,2013,3,30000,2013-08-20,2014-01-06,Operating
Groupe Athena, Biotechnology ,IND,Mumbai,2008,1,2355000,2010-03-03,2010-03-03,Operating
GrownOut, Social Network Media ,IND,New Delhi,2013,2,40000,2014-06-01,2014-10-07,Operating
Groww,Financial Services,IND,Bengaluru,2017,6,142262674,22-05-2019,14-09-2024,Operating
GTI Capital Group, Finance ,IND,New Delhi,,1,0,2011-03-01,2011-03-01,Operating
Gungroo, Parenting ,IND,Bengaluru,2012,1,0,2012-04-01,2012-04-01,Operating
GupShup, Mobile ,IND,Mumbai,2004,3,33000000,2006-12-22,2010-03-02,Operating
Guruji, Search ,IND,Bengaluru,2006,2,15000000,2006-01-01,2007-01-01,Closed
HackerEarth, Software ,IND,Bengaluru,2012,2,500000,2013-06-01,2014-02-24,Operating
Haier, Home Automation ,IND,New Delhi,,1,364000000,2013-12-08,2013-12-08,Operating
HalaPlay Technologies,Digital Entertainment,IND,Bengaluru,2016,3,7964767,14-01-2016,05-04-2018,Operating
Happiest Minds, Software ,IND,Bengaluru,2011,1,45000000,2011-11-16,2011-11-16,
Head Held High, Nonprofits ,IND,Bengaluru,2007,1,408225,2013-08-13,2013-08-13,Operating
HealthcareMagic, Health Care ,IND,Bengaluru,2008,1,2500000,2009-02-12,2009-02-12,Acquired
HealthHiway, Enterprise Software ,IND,Hyderabad,,1,4000000,2009-09-04,2009-09-04,Operating
Healthkart, E-Commerce ,IND,Gurgaon,2011,1,0,2013-06-07,2013-06-07,Operating
Hearing Plus,,IND,Kolkata,,1,0,2014-08-12,2014-08-12,Operating
Heckyl, Finance ,IND,Mumbai,2010,3,4750000,2012-01-01,2013-12-10,Operating
Hector Beverages, Hospitality ,IND,Haryana,2009,1,8000000,2013-05-20,2013-05-20,Operating
Helical IT Solutions, Software ,IND,Hyderabad,2012,1,2500000,2013-05-10,2013-05-10,Operating
Hello Curry, Hospitality ,IND,Hyderabad,,1,500000,2014-03-07,2014-03-07,Operating
Hellotravel, E-Commerce ,IND,Noida,2009,1,0,2014-05-09,2014-05-09,Operating
HelpingDoc, Health and Wellness ,IND,New Delhi,2011,2,1655236,2011-01-01,2014-08-07,Operating
hike, Mobile ,IND,New Delhi,2012,3,86000000,2013-04-25,2014-08-26,Operating
Hippocampus Learning Centres, Education ,IND,Bengaluru,2010,5,20997981,2012-02-05,2014-07-02,Operating
Hire a 3D Pro, Marketplaces ,IND,Hyderabad,,1,10000,2014-11-10,2014-11-10,Operating
HistoryFile, Hospitality ,IND,Kochi,2008,1,6000,2008-07-25,2008-07-25,Operating
Hokey Pokey,,IND,Mumbai,2011,1,0,2013-08-21,2013-08-21,Operating
Holisol logistics, Logistics ,IND,New Delhi,2009,1,1500000,2014-08-25,2014-08-25,Operating
HomeLane,Home Décor,IND,Bengaluru,2014,9,63359735,02-03-2016,25-04-2024,Operating
HomeShop18, E-Commerce ,IND,Noida,2008,3,65000000,2008-07-08,2013-10-23,
hoopos.com, E-Commerce ,IND,Bengaluru,2011,1,0,2011-10-01,2011-10-01,Acquired
Hoopz Planet Info, Content ,IND,Pune,2011,1,1000000,2011-08-01,2011-08-01,Operating
Hotelogix, Hotels ,IND,Noida,2008,2,3000000,2012-04-11,2014-11-14,Operating
HotelsAroundYou, Hotels ,IND,Mumbai,,1,0,2014-10-27,2014-10-27,Operating
Housing.com, Real Estate ,IND,Mumbai,2012,4,139500000,2013-06-04,2014-11-19,Operating
Hungama Digital Media Entertainment Pvt. Ltd., Games ,IND,Mumbai,1999,1,40000000,2014-07-04,2014-07-04,Operating
HungerBox,Food Delivery,IND,Bengaluru,2015,8,44580231,16-10-2016,07-05-2023,Operating
Hurix Systems Private, Software ,IND,Mumbai,2001,1,5100000,2007-10-03,2007-10-03,Operating
i7 Networks, Security ,IND,Bengaluru,2012,1,300000,2012-08-20,2012-08-20,Operating
iBloom Technologies, Curated Web ,IND,Ahmedabad,2009,1,0,2009-05-01,2009-05-01,Closed
IBS Software Services (P), Software ,IND,Trivandrum,1997,1,60000000,2007-07-26,2007-07-26,Acquired
Icecreamlabs,,IND,Bengaluru,2013,1,0,2013-05-01,2013-05-01,Operating
iCreate Software, Software ,IND,Bengaluru,2006,2,12430000,2010-01-29,2012-12-12,Operating
iD Fresh Food,,IND,Bengaluru,2006,1,5700000,2014-10-31,2014-10-31,Operating
Idea Device, Data Centers ,IND,Bengaluru,2009,1,4000000,2013-10-09,2013-10-09,Operating
ideacts innovations, Advertising ,IND,Mumbai,,1,5000000,2008-07-03,2008-07-03,Operating
ideaForge, Photography ,IND,Mumbai,2007,2,125000,2008-04-01,2011-01-12,Operating
IFMR Capital, Finance ,IND,Chennai,2006,1,29000000,2014-03-31,2014-03-31,Operating
IFMR Rural Channels and Services, Finance ,IND,Chennai,2006,1,5000000,2013-10-24,2013-10-24,Operating
igadget.asia, News ,IND,Mumbai,2012,1,10000,2012-01-01,2012-01-01,Closed
Ignis IT Solutions, E-Commerce ,IND,Indore,2013,1,50000,2013-08-09,2013-08-09,Operating
iKaaz, NFC ,IND,Bengaluru,2012,2,0,2014-01-02,2014-01-30,Operating
iKen Solutions Pvt. Ltd., Content Discovery ,IND,Mumbai,2005,1,2000000,2007-01-01,2007-01-01,Operating
iKure Techsoft, Software ,IND,Kolkata,2010,1,115000,2014-03-09,2014-03-09,Operating
IMAGINATE - Technovating Reality, Software ,IND,Hyderabad,2011,1,40000,2012-08-10,2012-08-10,Operating
IMImobile, Mobile ,IND,Hyderabad,1999,3,26000000,2005-11-16,2009-11-13,Operating
i'mma, E-Commerce ,IND,Mumbai,2013,1,125000,2013-07-08,2013-07-08,Closed
Incap, Manufacturing ,IND,Bengaluru,,1,2587000,2008-11-26,2008-11-26,Operating
InCights Mobile Solutions, Software ,IND,Hyderabad,2010,1,160000,2013-11-13,2013-11-13,Operating
InCred,Banking,IND,Mumbai,2016,8,254425980,04-05-2017,20-02-2024,Operating
India Online Health, Medical ,IND,Pune,2011,1,0,2014-02-18,2014-02-18,Operating
India Property Online, E-Commerce ,IND,Chennai,2012,2,19000000,2013-05-09,2013-12-19,Operating
IndiaEver.com, Music ,IND,New Delhi,2012,1,20000,2012-09-13,2012-09-13,Closed
IndiaHomes, Curated Web ,IND,New Delhi,,2,74800000,2014-04-16,2014-12-02,Operating
IndiaIdeas, Finance ,IND,Ahmedabad,,1,7500000,2006-06-22,2006-06-22,Operating
IndiaMART, Services ,IND,Noida,1996,1,0,2009-01-14,2009-01-14,Operating
IndianRoots, Internet ,IND,Gurgaon,2013,1,5000000,2014-09-07,2014-09-07,Operating
IndianStage, Photography ,IND,Bengaluru,,1,0,2014-02-17,2014-02-17,Operating
Indifi Technologies, Financial Services,IND,Gurgaon,2015,5,35826551,26-10-2017,26-03-2021,Operating
Indium Software Inc., Software ,IND,Chennai,,1,1000000,2006-04-21,2006-04-21,Operating
Indus Insights, E-Commerce ,IND,Haryana,2009,1,0,2014-08-05,2014-08-05,Operating
IndusDiva.com, E-Commerce ,IND,Bengaluru,2012,2,0,2013-07-09,2014-01-01,Operating
INDwealth, Financial Services,IND,Gurgaon,2018,3,56891230,12-05-2020,01-03-2022,Operating
Indyarocks, Social Media ,IND,Hyderabad,2007,1,1000000,2008-11-15,2008-11-15,Operating
infoBizz, Software ,IND,Meerut,2008,1,0,2013-11-07,2013-11-07,Operating
Infogile Technologies, Software ,IND,Gurgaon,2007,1,20000,2007-05-04,2007-05-04,Operating
Infra.Market,E-Commerce,IND,Thane,2016,7,161545747,10-08-2016,12-11-2022,Operating
Infrasoft Technologies, Software ,IND,Mumbai,1994,1,24800000,2007-07-11,2007-07-11,Operating
Innovis, Telecommunications ,IND,Gurgaon,2009,1,0,2011-12-12,2011-12-12,Operating
Innoviti, Finance ,IND,Bengaluru,2002,1,1600000,2014-03-20,2014-03-20,Operating
Innoz, Apps ,IND,Bengaluru,2008,1,0,2012-04-01,2012-04-01,Operating
InOpen, Education ,IND,Mumbai,2009,2,0,2011-08-01,2013-11-24,Operating
Insightwall Technology Solutions, Software ,IND,Bengaluru,2014,1,0,2014-09-19,2014-09-19,Operating
Instamedia, Curated Web ,IND,Shimla,2006,1,4000000,2010-09-09,2010-09-09,Operating
Instamojo, Payments ,IND,Mumbai,2012,3,500000,2012-07-01,2014-11-13,Operating
inTarvo, Outsourcing ,IND,Noida,1995,2,21900000,2007-10-16,2009-09-17,Operating
IntelleGrow Finance, Finance ,IND,Mumbai,2010,1,4500000,2014-03-05,2014-03-05,Operating
IntelligenceNODE,,IND,Mumbai,,1,350000,2014-05-01,2014-05-01,Operating
intelloCut, Software ,IND,Noida,2012,1,200000,2014-02-09,2014-02-09,Operating
Intepat IP Services, Finance ,IND,Bengaluru,,1,10000,2009-09-01,2009-09-01,Operating
InterpretOmics, Analytics ,IND,Bengaluru,2009,1,1600000,2013-08-13,2013-08-13,Operating
Interview Master, Human Resources ,IND,Bengaluru,2012,3,0,2013-01-09,2014-01-30,Operating
InterviewBit,E-Learning,IND,Bengaluru,2015,2,21500000,14-12-2015,19-02-2016,Closed
iNurture, Education ,IND,Bengaluru,2005,1,4897824,2014-10-30,2014-10-30,Operating
Invictus Oncology, Biotechnology ,IND,Delhi,2011,1,1880000,2013-05-28,2013-05-28,Operating
iPG Maxx Entertainment India (P) Ltd, Film ,IND,,2014,1,500000,2014-05-15,2014-05-15,
iPolicy Networks, Security ,IND,Noida,,2,44000000,2005-10-04,2006-01-01,Operating
iProf Learning Solutions, Education ,IND,Noida,2009,2,15000000,2011-03-01,2014-01-23,Operating
iSTAR, Education ,IND,Bengaluru,2009,1,0,2013-04-10,2013-04-10,Operating
iTiffin, Health Care ,IND,Bengaluru,2013,1,1000000,2014-08-28,2014-08-28,Operating
ITILITE,Business Travel,IND,Bengaluru,2017,3,17271725,23-03-2018,26-01-2020,Operating
ItzCash Card Ltd., Gift Card ,IND,Mumbai,2006,1,15000000,2014-09-02,2014-09-02,Operating
Ivy Health and Life Sciences, Health and Wellness ,IND,Mohali,2007,1,12100000,2013-06-11,2013-06-11,Operating
ixigo.com, Hotels ,IND,Gurgaon,2006,3,18500000,2008-02-01,2011-08-11,Operating
iYogi, Hardware ,IND,Gurgaon,2007,5,85600000,2007-01-01,2014-05-08,Operating
J Kumar Infraprojects, Real Estate ,IND,Mumbai,1980,1,22800000,2014-07-24,2014-07-24,Operating
Jabong.com, Beauty ,IND,Gurgaon,2012,1,27500000,2014-02-05,2014-02-05,Operating
Jack On Block,,IND,Bengaluru,2012,1,0,2013-04-10,2013-04-10,Operating
Jai Kisan,Agriculture,IND,Mumbai,2017,5,35400000,13-02-2017,24-11-2021,Operating
Janalakshmi, Finance ,IND,Bengaluru,2006,1,57000000,2013-08-14,2013-08-14,Operating
Jasper, E-Commerce ,IND,New Delhi,,3,102000000,2011-01-25,2014-04-28,
Jaypore, Marketplaces ,IND,New Delhi,2012,1,375000,2011-09-04,2011-09-04,Operating
Jeeves, Hardware + Software ,IND,Bengaluru,2007,1,0,2012-06-21,2012-06-21,Operating
jiffstore, Retail ,IND,Bengaluru,2013,1,0,2014-05-01,2014-05-01,Operating
Jigsee, Video Streaming ,IND,Mumbai,2008,2,0,2010-07-19,2011-02-14,Acquired
JoGuru, Travel ,IND,Pune,2011,1,200000,2010-10-05,2010-10-05,Operating
Jumbotail, Retail,IND,Bengaluru,2015,8,55345400,25-05-2015,10-04-2022,Operating
Jupiter,Banking,IND,Mumbai,2019,2,26000000,18-04-2021,07-01-2022,Operating
Just Dial, Search ,IND,Mumbai,1997,2,67000000,2011-06-06,2012-06-27,
K-12 Techno Services, Education ,IND,Secunderabad,,1,15000000,2010-09-08,2010-09-08,Operating
K2 Learning, Education ,IND,Bengaluru,2009,1,1300000,2013-10-18,2013-10-18,Operating
Kalyan Jewellers, Jewelry ,IND,,1993,1,200000000,2014-08-26,2014-08-26,Operating
Kapsica Media, Advertising ,IND,Pune,2011,1,0,2014-03-11,2014-03-11,Operating
Karma Recycling, Software ,IND,New Delhi,2012,1,0,2013-10-09,2013-10-09,Operating
KarmYog Media, News ,IND,Kolkata,,1,0,2014-03-19,2014-03-19,Operating
KartRocket, SaaS ,IND,New Delhi,2012,2,2000000,2013-07-23,2014-10-21,Operating
Ketto, Curated Web ,IND,Mumbai,2012,1,150000,2013-11-18,2013-11-18,Operating
Keyideas Infotech (P) Limited, Web Development ,IND,New Delhi,2009,1,1000000,2013-01-10,2013-01-10,Operating
Kissht,FinTech,IND,Mumbai,2015,6,49247312,12-05-2017,23-01-2022,Operating
Knimbus, Messaging ,IND,Gurgaon,2010,1,500000,2013-07-04,2013-07-04,Operating
Knottykart, E-Commerce ,IND,Noida,,1,160000,2014-02-04,2014-02-04,Operating
Knowlarity Communications, Software ,IND,Gurgaon,2009,3,22500000,2011-01-01,2014-07-28,Operating
Kodo,FinTech,IND,Mumbai,2019,2,8736466,13-06-2019,19-11-2020,Operating
Komli Media, Advertising ,IND,Mumbai,2006,5,97000000,2008-01-01,2013-10-24,Operating
Konotor, Apps ,IND,Chennai,2013,2,155000,2014-02-01,2014-05-26,Operating
Koo App,Social Media,IND,Bengaluru,2020,3,33997488,12-04-2020,19-09-2022,Operating
Kotak Urja, Clean Technology ,IND,Bengaluru,1997,1,8000000,2008-11-10,2008-11-10,Operating
KreditBee,FinTech,IND,Bengaluru,2018,3,133404000,05-05-2019,12-03-2021,Operating
Krishidhan Seeds, Biotechnology ,IND,Jalna,,1,30000000,2010-05-07,2010-05-07,Operating
KSK Power Venture, Clean Technology ,IND,Hyderabad,,1,97430000,2008-06-16,2008-06-16,Operating
Kuliza, Social Commerce ,IND,Bengaluru,2006,1,0,2013-08-29,2013-08-29,Operating
Kustom Codes, Mobile ,IND,Ahmedabad,2011,2,100000,2014-10-06,2014-10-13,Operating
Kwaab, E-Commerce ,IND,Gurgaon,,1,0,2013-02-19,2013-02-19,Operating
LabourNet, Social Media ,IND,Bengaluru,2008,1,0,2013-12-18,2013-12-18,Operating
Langhar,,IND,Delhi,2013,2,110000,2013-09-03,2013-12-23,Operating
Laurus Labs, Pharmaceuticals ,IND,Hyderabad,2005,1,90000000,2014-10-30,2014-10-30,Operating
Leap Finance,FinTech,IND,Bengaluru,2019,2,22500000,16-07-2019,07-09-2020,Operating
Learnhive, Education ,IND,Bengaluru,2010,1,400000,2013-05-29,2013-05-29,Operating
Learnpedia Edutech Solutions, Education ,IND,Hyderabad,,1,0,2013-02-10,2013-02-10,Operating
Lendingkart, FinTech,IND,Ahmedabad,2014,12,257504119,17-01-2015,16-04-2025,Operating
Lenskart.com, Online Shopping ,IND,New Delhi,2010,2,14000000,2011-10-01,2012-12-01,Operating
letsmote.com, Social Media ,IND,Mumbai,2013,1,80000,2012-03-03,2012-03-03,Operating
LetsTransport,Logistics,IND,Bengaluru,2015,8,24628092,05-10-2016,23-03-2023,Operating
LetsVenture, Internet ,IND,Bengaluru,2013,1,650000,2014-05-13,2014-05-13,Operating
Licious,E-Commerce,IND,Bengaluru,2015,7,158589644,26-10-2015,17-12-2021,Operating
LIDO,E-Learning,IND,Mumbai,2019,2,10500000,07-06-2019,10-08-2020,Operating
LimeRoad, Social Media ,IND,Gurgaon,2012,2,20000000,2012-10-23,2014-05-05,Operating
LinQMart, Brand Marketing ,IND,Bengaluru City,,2,20000,2014-08-31,2014-10-02,Operating
LiquiLoans,Financial Services,IND,Mumbai,2018,3,1784442,27-02-2018,02-10-2020,Operating
LIQVID, Education ,IND,Noida,2002,1,3000000,2012-08-01,2012-08-01,Operating
Little Eye Labs, Testing ,IND,Bengaluru,2012,1,0,2013-06-01,2013-06-01,Acquired
LivQuik, Mobile ,IND,Mumbai,2012,1,0,2013-08-05,2013-08-05,Operating
Livspace,E-Commerce,IND,Bengaluru,2014,8,101691508,23-06-2016,27-02-2023,Operating
Loadshare,Logistics,IND,Bengaluru,2017,7,21262496,06-05-2017,08-03-2023,Operating
LocalBanya, Curated Web ,IND,Mumbai,2012,1,5000000,2014-01-09,2014-01-09,Operating
LocoNav,Software,IND,Azadpur,2015,3,7420000,22-01-2015,17-04-2017,Operating
Locus.sh,Logistics,IND,Bengaluru,2015,6,78750000,25-07-2017,04-04-2022,Acquired
LogicLadder, Manufacturing ,IND,Gurgaon,2011,1,275000,2014-02-05,2014-02-05,Operating
Loylty Rewardz Management, Advertising ,IND,Mumbai,,1,4400000,2011-10-03,2011-10-03,Operating
Lucid Colloids, Finance ,IND,Gurgaon,,1,27500000,2014-09-03,2014-09-03,Operating
LurnQ, Education ,IND,Mumbai,2011,1,0,2012-06-02,2012-06-02,Operating
Lybrate, Health and Wellness ,IND,New Delhi,2013,1,1230000,2014-09-10,2014-09-10,Operating
MadRat Games, Games ,IND,Bengaluru,2010,2,1500000,2012-12-10,2014-11-20,Operating
Magicpin,E-Commerce,IND,Gurgaon,2015,7,41884162,19-12-2016,22-12-2022,Operating
MagicRooms Solutions India (P)Ltd., Travel ,IND,Bengaluru,,1,1490000,2010-07-07,2010-07-07,Operating
Maharana Infrastructure and Professional Services Private Limited (MIPS), Education ,IND,Noida,,3,21600000,2011-04-01,2014-07-10,Operating
Mahindra REVA, Automotive ,IND,Bengaluru,1994,2,25000000,2008-05-02,2009-09-01,Operating
Maiyas Beverages And Foods, Food Processing ,IND,Bengaluru,1988,1,16600000,2014-04-05,2014-04-05,Operating
makemyreturns.com, Finance ,IND,Mumbai,2012,1,0,2012-01-01,2012-01-01,Operating
MakeMyTrip.com, Transportation ,IND,Gurgaon,2000,2,28000000,2006-12-14,2007-10-08,Operating
Mamaearth,E-Commerce,IND,Gurgaon,2016,5,23313960,10-11-2018,19-10-2022,Operating
Manas Informatic, Media ,IND,Mohali,2007,1,160000,2008-02-02,2008-02-02,Operating
Mango Games, Games ,IND,Hyderabad,2011,1,0,2014-02-14,2014-02-14,Operating
Manipal Acunova, Biotechnology ,IND,Bengaluru,,1,0,2009-12-02,2009-12-02,Operating
Manthan Systems, Analytics ,IND,Bengaluru,2003,6,56700000,2007-03-01,2013-01-01,Operating
MapMyIndia, E-Commerce ,IND,New Delhi,1992,1,0,2007-01-01,2007-01-01,Operating
Masai School,Education,IND,Bengaluru,2019,3,7483079,07-09-2019,03-01-2021,Operating
Master Equation, iPhone ,IND,Pune,2010,1,50000,2013-02-15,2013-02-15,Operating
Matrimony.com, Classifieds ,IND,Chennai,1997,2,20400000,2006-08-02,2008-02-06,Operating
Mayur Uniquoters Limited, Manufacturing ,IND,Jaipur,1994,1,18000000,2014-03-19,2014-03-19,Operating
MCaffeine,E-Commerce,IND,Mumbai,2015,4,5781631,25-12-2015,17-12-2018,Operating
Meal Mantra, Hospitality ,IND,Hyderabad,2014,1,10000,2014-01-14,2014-01-14,Operating
Mealnut, Marketplaces ,IND,Pune,2012,1,12000,2012-09-01,2012-09-01,Operating
Medgenome Labs, Medical ,IND,Bengaluru,,1,4000000,2014-06-04,2014-06-04,Operating
Media Redefined, News ,IND,Noida,2009,2,4475000,2014-01-14,2014-05-02,Operating
MediAngels, Hospitality ,IND,Mumbai,,1,1000000,2014-10-10,2014-10-10,Operating
Medine, Restaurants ,IND,Bengaluru,,1,60000,2013-07-22,2013-07-22,Operating
Meditrina Hospital, Hospitality ,IND,Thiruvananthapuram,2010,1,6000000,2013-09-05,2013-09-05,Operating
Medlife,Retail,IND,Bengaluru,2014,4,56506662,25-07-2014,09-03-2017,Acquired
Medypal, Health Care ,IND,Bengaluru,2013,1,400000,2014-01-08,2014-01-08,Operating
Meesho,Retail,IND,Bengaluru,2015,9,515200000,11-05-2016,05-12-2024,Operating
MeraJob India, Information Technology ,IND,New Delhi,2012,1,3000000,2014-02-10,2014-02-10,Operating
Metro Telworks, Mobile ,IND,Ahmedabad,2004,1,4880000,2010-01-05,2010-01-05,Operating
Mettl, Software ,IND,Gurgaon,2009,3,4430000,2010-08-30,2012-08-13,Operating
mfine, Health Care,IND,Bengaluru,2017,6,48785217,20-03-2019,18-09-2024,Operating
mGaadi, Public Transportation ,IND,Kormangala,,1,0,2014-05-12,2014-05-12,Operating
Micro Housing Finance Corporation Limited, Finance ,IND,Mumbai,2008,1,5400000,2013-09-16,2013-09-16,Operating
Microland, Analytics ,IND,Bengaluru,1989,2,18300000,2005-01-14,2006-08-09,Operating
Micromax Informatics, Mobile ,IND,Gurgaon,1991,2,88000000,2010-01-12,2010-09-20,Operating
mii - made in india,,IND,New Delhi,2014,1,250000,2014-08-10,2014-08-10,Operating
Miko, EdTech,IND,Mumbai,2015,5,21540065,17-09-2017,21-01-2021,Operating
Milk Mantra, Health and Wellness ,IND,Bhubaneswar,,2,13080000,2011-02-02,2014-06-30,Operating
Milkbasket,E-Commerce,IND,Haryana,2014,11,38519469,23-03-2015,20-08-2025,Operating
Minglebox, Social Media ,IND,Bengaluru,2006,1,7000000,2007-05-01,2007-05-01,Operating
MobiKwik, Payments ,IND,Gurgaon,2009,2,30250000,2012-09-16,2014-11-05,Operating
Mobile2Win India, Mobile ,IND,Mumbai,,1,15000000,2006-11-13,2006-11-13,Operating
MobileVeda, Mobile ,IND,Vellore,2007,1,9000,2007-04-01,2007-04-01,Operating
mobME Solutions, Mobile ,IND,Cochin,2006,3,3400000,2006-12-01,2014-01-14,Operating
MobStac, Mobile ,IND,Bengaluru,2009,1,2000000,2013-12-01,2013-12-01,Operating
Mobule, Education ,IND,Bengaluru,2013,1,0,2014-01-20,2014-01-20,Operating
Modern Family Doctor, Health Care ,IND,Bengaluru,,1,0,2014-02-20,2014-02-20,Operating
Momoe Technologies, Mobile Payments ,IND,Bengaluru,2014,1,0,2014-10-20,2014-10-20,Operating
Monarch Innovative Technologies, Software ,IND,Mumbai,1984,1,5500000,2010-09-28,2010-09-28,Operating
Money On Mobile, Mobile ,IND,Mumbai,2010,1,10000000,2013-09-16,2013-09-16,Operating
Money-Wizards, Finance ,IND,Chennai,,1,0,2012-10-22,2012-10-22,Operating
Moser Baer Solar, Clean Technology ,IND,New Delhi,,1,92500000,2008-09-04,2008-09-04,Operating
Motorpaneer, Automotive ,IND,New Delhi,2013,1,40000,2013-08-23,2013-08-23,Operating
MoveInSync, Software ,IND,Bengaluru,2009,1,4000000,2014-08-07,2014-08-07,Operating
Mowbly, Mobility ,IND,Hyderabad,2011,1,0,2012-03-31,2012-03-31,Operating
Mswipe Technologies, E-Commerce ,IND,Mumbai,,2,0,2013-01-10,2014-02-03,Operating
muHive, Social CRM ,IND,Bengaluru,2012,1,30000,2014-02-01,2014-02-01,Operating
Multistory Learning, Education ,IND,Chennai,2011,1,45000,2013-01-03,2013-01-03,Operating
Must See India, Travel ,IND,Bengaluru,2007,1,5000000,2013-07-02,2013-07-02,Operating
mydala, E-Commerce ,IND,New Delhi,2009,1,6000000,2011-09-25,2011-09-25,Operating
MyDentist, Health Care ,IND,Mumbai,,1,10000000,2013-01-01,2013-01-01,Operating
myeasydocs, Document Management ,IND,Chennai,,1,1000000,2014-09-24,2014-09-24,Operating
Myelin Foundry,Health Care,IND,Bengaluru,2019,4,2001796,26-08-2019,04-12-2022,Operating
Myfriday, Human Resource Automation ,IND,Bengaluru,2012,1,0,2014-01-01,2014-01-01,Operating
MyGate, Information Services,IND,Bengaluru,2016,3,67262961,04-09-2016,22-11-2018,Operating
MyGlamm,Beauty,IND,Mumbai,2015,8,56035717,05-03-2016,02-09-2023,Operating
MyLabYogi.com, Health and Wellness ,IND,Mumbai,2012,1,0,2014-09-16,2014-09-16,Operating
MyNewDeals.com, Hotels ,IND,Ahmedabad,2011,1,200000,2010-01-01,2010-01-01,Operating
myNoticePeriod.com, Recruiting ,IND,Bengaluru,2013,1,5453,2014-09-04,2014-09-04,Operating
Myntra, E-Commerce ,IND,Bengaluru,2007,9,158750000,2007-01-01,2014-01-31,
MyParichay, Facebook Applications ,IND,Bengaluru,2012,1,250000,2011-10-01,2011-10-01,Operating
MyRefers, Employment ,IND,Mumbai,2013,2,100000,2013-09-01,2014-10-15,Operating
Myshaadi.in, Curated Web ,IND,New Delhi,2011,1,0,2012-04-01,2012-04-01,Operating
mYwindow, Mobile ,IND,Nagpur,2013,2,115000,2012-11-20,2012-11-20,Operating
Naabo Solutions, Software ,IND,Bengaluru,2007,1,0,2009-08-13,2009-08-13,Closed
naaptol, E-Commerce ,IND,Mumbai,2008,1,0,2010-08-18,2010-08-18,Operating
NationWide Primary Healthcare Services, Health and Wellness ,IND,Bengaluru,2010,1,1000000,2013-09-25,2013-09-25,Operating
Nazara Technologies, Mobile ,IND,Mumbai,2000,3,9301500,2005-10-19,2013-11-28,Operating
Near Page, Advertising ,IND,Bengaluru,2013,1,10000,2013-08-11,2013-08-11,Operating
Nearbuyme.in, E-Commerce ,IND,Hyderabad-deccan,2014,1,0,2014-11-08,2014-11-08,Operating
Neogrowth, Finance ,IND,Mumbai,2010,1,1620000,2014-03-26,2014-03-26,Operating
NephroPlus, Health and Wellness ,IND,Hyderabad,2009,2,14000000,2011-01-01,2014-03-05,Operating
NeST Group, Software ,IND,Cochin,1991,1,22250000,2006-01-01,2006-01-01,Operating
Net Avenue Technologies, Internet ,IND,Chennai,1998,1,0,2014-11-05,2014-11-05,Operating
Netmagic Solutions, Web Hosting ,IND,Mumbai,1999,2,36000000,2008-02-12,2010-10-07,Acquired
Network18, Public Relations ,IND,New Delhi,,1,10000000,2009-10-01,2009-10-01,Acquired
Newgen Software Technologies, Software ,IND,New Delhi,1992,2,25260000,2008-01-07,2014-02-03,Operating
News in Shorts, News ,IND,New Delhi,2013,1,0,2014-07-14,2014-07-14,Operating
NewsHunt, News ,IND,Bengaluru,,1,18000000,2014-09-22,2014-09-22,Operating
Niki,Natural Language Processing,IND,Bengaluru,2015,10,6287653,18-08-2016,13-11-2025,Operating
nivio, Cloud Data Services ,IND,Gurgaon,2004,1,21000000,2012-02-09,2012-02-09,Closed
NiYO Solutions, FinTech,IND,Bengaluru,2015,3,49200000,13-01-2017,02-01-2019,Operating
Nobel Hygiene, E-Commerce ,IND,Mumbai,2001,1,11500000,2013-03-08,2013-03-08,Operating
NoBroker, Real Estate,IND,Bengaluru,2014,10,214452563,02-11-2016,01-05-2025,Operating
Nogle Technologies, Curated Web ,IND,Noida,2011,1,250000,2011-03-01,2011-03-01,Operating
NoPaperForms.com, Software ,IND,Thane,2010,1,500000,2011-07-01,2011-07-01,Operating
Nova Specialty Hospitals, Health Care ,IND,Bengaluru,2009,1,54000000,2012-08-13,2012-08-13,Operating
NSL Renewable Power, Clean Technology ,IND,Hyderabad,1985,1,5000000,2013-05-29,2013-05-29,Operating
NxtGen Data Center & Cloud Services, Software ,IND,Bengaluru,2012,1,8800000,2013-09-02,2013-09-02,Operating
Nykaa, Fashion ,IND,Mumbai,,1,3400000,2014-07-03,2014-07-03,Operating
Octro, Online Gaming ,IND,Delhi,2006,1,15000000,2014-06-04,2014-06-04,Operating
OfBusiness,FinTech,IND,Gurgaon,2015,7,193125171,01-03-2015,16-05-2021,Operating
OkCredit,FinTech,IND,Faridabad,2017,3,84200000,21-03-2018,05-07-2020,Operating
Ola (ANI Technologies Pvt. Ltd.), Transportation ,IND,Bengaluru,2010,5,276830000,2011-04-21,2014-10-25,Operating
Olah-Viq Software Solutions, Web Development ,IND,Chennai,2010,1,0,2010-12-10,2010-12-10,Closed
Omni Hospitals, Biotechnology ,IND,Hyderabad,2010,1,9800000,2013-08-07,2013-08-07,Operating
One97 Communications, Mobile ,IND,New Delhi,2000,3,35000000,2008-10-23,2011-10-10,Operating
OneAssist Consumer Solutions, Security ,IND,Mumbai,2011,2,0,2011-08-05,2012-06-01,
OneBreath, Consulting ,IND,Bengaluru,,2,3000000,2013-12-12,2014-01-28,Operating
Online Prasad, E-Commerce ,IND,Bengaluru,2012,2,0,2013-06-24,2014-10-13,Operating
OPEN, FinTech,IND,Bengaluru,2017,5,37400000,14-05-2017,14-09-2021,Operating
OrangeScape, Cloud Computing ,IND,Chennai,2003,1,1000000,2012-05-01,2012-05-01,
Oravel, Travel ,IND,New Delhi,2012,2,0,2012-10-15,2014-03-06,Operating
Orbster, Mobile ,IND,Bengaluru,2008,1,736050,2008-01-01,2008-01-01,Operating
Organic Shop, E-Commerce ,IND,Jaipur,2011,1,50000,2013-08-12,2013-08-12,Operating
Orient Green Power, Clean Technology ,IND,Chennai,2007,1,55000000,2008-11-26,2008-11-26,Operating
Oye Rickshaw,Transportation,IND,Gurgaon,2017,3,13275120,26-10-2019,22-02-2021,Operating
OZiva, Health Care,IND,Mumbai,2016,2,17000000,12-06-2016,27-05-2017,Closed
Ozone Media Solutions, Curated Web ,IND,Mumbai,2006,3,7800000,2008-04-01,2012-09-01,Operating
PagarBook,Human Resources,IND,Bengaluru,2019,2,17000000,14-05-2019,11-02-2020,Operating
Paladion, Enterprise Software ,IND,Bengaluru,2000,1,10000000,2014-06-18,2014-06-18,Operating
Parallocity, Analytics ,IND,Bengaluru,,2,0,2005-07-03,2010-11-11,Closed
Pariksha,EdTech,IND,Pune,2015,7,6065079,02-02-2016,15-02-2022,Operating
PayMate India, E-Commerce ,IND,Mumbai,2006,2,14000000,2006-07-01,2008-06-01,Operating
Paytm Payments Bank,Banking,IND,New Delhi,2017,2,28188461,17-03-2018,04-05-2019,Operating
Peel-Works, Human Resources ,IND,Mumbai,2010,1,2000000,2014-07-28,2014-07-28,Operating
People Interactive (India), Curated Web ,IND,Mumbai,,1,8000000,2006-03-10,2006-03-10,Operating
Pepper Content,Content Marketing,IND,Mumbai,2017,2,4506066,17-08-2018,17-10-2019,Operating
Pepperfry.com, E-Commerce ,IND,Mumbai,2011,3,28000000,2011-12-12,2014-05-27,Operating
Perfint Healthcare, Biotechnology ,IND,Chennai,2005,4,32700000,2007-12-01,2013-01-01,Operating
Perpetuuiti TechnoSoft Services, Software ,IND,Gurgaon,2011,1,0,2013-10-23,2013-10-23,Operating
Perpule,Retail Technology,IND,Bengaluru,2016,3,6361203,03-03-2016,18-11-2018,Operating
PhableCare,Health Care,IND,Bengaluru,2017,5,13670000,19-10-2017,21-03-2021,Operating
PharmEasy,Health Care,IND,Mumbai,2015,9,671538857,15-06-2015,11-08-2023,Operating
Phone Warrior, Mobile ,IND,New Delhi,2012,1,550000,2013-12-09,2013-12-09,Operating
Phonethics Mobile Media, Internet ,IND,Mumbai,2006,1,200000,2007-05-07,2007-05-07,Operating
PiggyRide,Information Services,IND,Bengaluru,2019,2,1320000,26-01-2021,01-04-2022,Operating
Pitstop,Automotive,IND,Bengaluru,2015,5,9702517,23-10-2016,02-08-2020,Operating
PlanetSpark,E-Learning,IND,Gurgaon,2016,2,576000,10-12-2016,25-07-2017,Closed
Plash Digital Labs, Mobile ,IND,Bengaluru,2012,1,160000,2013-03-01,2013-03-01,Operating
Play Shifu, Education,IND,Bengaluru,2016,5,28438340,22-07-2016,12-10-2020,Operating
Playcez, Mobile ,IND,New Delhi,2010,2,530000,2012-10-31,2013-03-08,Closed
Plum, Health Care,IND,Bengaluru,2019,5,20645163,13-01-2019,25-04-2023,Operating
Pluss Polymers, Biotechnology ,IND,Haryana,1993,1,2400000,2013-07-08,2013-07-08,Operating
POKKT, Games ,IND,Mumbai,2012,2,2500000,2013-10-02,2014-07-08,Operating
PolicyBazaar, Finance ,IND,Gurgaon,2008,4,29600000,2011-05-25,2014-05-26,Operating
Polygenta Technologies, Textiles ,IND,Mumbai,,1,3600000,2014-07-21,2014-07-21,Operating
Polygon (Previously Matic Network),Blockchain,IND,Mumbai,2017,3,450000,09-03-2018,15-02-2020,Operating
Portea Medical, Health Care ,IND,Bengaluru,,2,8000000,2013-12-02,2014-07-31,Operating
Porter,E-Commerce,IND,Bengaluru,2014,6,32070087,08-02-2016,11-01-2021,Operating
PoshVine, Curated Web ,IND,Bengaluru,2011,1,0,2012-06-26,2012-06-26,Operating
Power2SME, Enterprise Software ,IND,Mumbai,2012,3,14800000,2012-01-01,2014-09-15,Operating
PowerStores, Hardware + Software ,IND,Goa,2011,1,2000000,2013-07-15,2013-07-15,
Practo Technologies Pvt. Ltd, Health Care ,IND,Bengaluru,2008,2,24000000,2012-07-30,2014-08-06,Operating
Pratilipi,EBooks,IND,Bengaluru,2015,5,29833055,02-06-2017,08-08-2021,Operating
Press Play, Startups ,IND,New Delhi,2013,1,500000,2014-08-20,2014-08-20,Operating
PressConnect, News ,IND,Bengaluru,2012,1,500000,2012-01-01,2012-01-01,Closed
PriceBaba, Search ,IND,Mumbai,2012,1,0,2013-05-14,2013-05-14,Operating
PriceBurp, Shopping ,IND,Mumbai,2010,1,100000,2014-10-20,2014-10-20,Operating
Prime Focus, Games ,IND,Goregaon,1997,1,53000000,2013-06-21,2013-06-21,Operating
Prime Focus Technologies, Software ,IND,Mumbai,2008,1,7500000,2014-04-09,2014-04-09,Operating
Printland, E-Commerce ,IND,New Delhi,2011,1,810094,2013-09-20,2013-09-20,Operating
Pristyn Care,Health Care,IND,Gurgaon,2018,4,81000000,19-12-2018,09-10-2021,Acquired
Private Company, Social Media ,IND,Mumbai,,1,0,2014-03-31,2014-03-31,Operating
Prizm Payment Services, Finance ,IND,Chennai,2008,1,8000000,2011-08-05,2011-08-05,Acquired
Profoundis Labs, Social Media ,IND,Kochi,2012,1,40000,2013-12-17,2013-12-17,Operating
Progcap, Finance,IND,New Delhi,2017,4,32324325,20-06-2017,02-10-2020,Operating
PropTiger, Real Estate ,IND,Noida,2011,1,30000000,2014-11-25,2014-11-25,Operating
Purple Squirrel,,IND,Bombay,,1,300000,2014-07-01,2014-07-01,Operating
Purplle, E-Commerce ,IND,Mumbai,2011,1,0,2013-08-26,2013-08-26,Operating
QED | EVEREST EDUSYS AND SOLUTIONS,,IND,Chennai,,1,941697,2014-03-24,2014-03-24,Operating
Qikwell Technologies, Mobile Health ,IND,Bengaluru,2011,2,3000000,2014-09-12,2014-11-24,Operating
Quartz Solutions,,IND,Aurangabad,2003,1,0,2012-01-18,2012-01-18,Operating
Quick Heal Technologies, Software ,IND,Pune,,1,13000000,2010-08-18,2010-08-18,Operating
QuickoLabs, Internet Marketing ,IND,Bengaluru,2010,2,340000,2010-10-10,2014-10-06,Operating
QuickSell,Software,IND,Mumbai,2017,2,2225000,27-08-2019,05-06-2020,Operating
Quikr India, Curated Web ,IND,Mumbai,2008,5,196000000,2010-03-31,2014-09-17,Operating
Quippo Infrastructure, Clean Technology ,IND,New Delhi,,1,113300000,2008-08-12,2008-08-12,Operating
Quizizz,E-Learning,IND,Bengaluru,2015,3,15504114,21-01-2015,21-06-2017,Operating
Qyuki, Creative ,IND,Bengaluru,2011,1,5400000,2012-02-14,2012-02-14,Operating
RailYatri, Apps ,IND,Noida,,1,486000,2014-11-20,2014-11-20,Operating
Rainbow Hospitals, Biotechnology ,IND,Hyderabad,1996,1,19500000,2013-08-13,2013-08-13,Operating
Rapido, Transportation,IND,Bengaluru,2015,9,121996807,23-08-2016,23-09-2024,Operating
RAW Pressery,Delivery,IND,Mumbai,2014,12,41255467,23-06-2014,08-03-2025,Operating
Razorpay,Financial Services,IND,Bengaluru,2014,7,366600000,02-06-2015,21-12-2021,Operating
ReachTax, Finance ,IND,Chennai,,1,0,2009-08-13,2009-08-13,Operating
Real Image Media Technologies, Hardware + Software ,IND,Chennai,1986,1,16000000,2008-08-01,2008-08-01,Operating
Realty Compass, Real Estate ,IND,Bengaluru,2012,1,0,2013-11-27,2013-11-27,Operating
Reasoning Global eApplications Ltd., E-Commerce ,IND,Hyderabad,2008,2,2550000,2008-01-01,2009-01-01,Operating
Red Panda Innovation Labs, Mobile ,IND,Mumbai,2012,1,500000,2011-09-01,2011-09-01,Operating
redBus.in, Curated Web ,IND,Mumbai,2006,3,8328770,2009-06-01,2012-05-01,Acquired
ReelBox Media Entertainment, News ,IND,Nungambakkam,,1,0,2013-12-24,2013-12-24,Operating
regrob.com, Real Estate ,IND,Noida,2008,1,2000,2013-05-30,2013-05-30,Operating
Relevant e-solution, Online Shopping ,IND,Gurgaon,2012,1,1000000,2014-06-24,2014-06-24,Operating
Reliance Jio Infocomm Ltd., Development Platforms ,IND,Mumbai,2007,2,2250000000,2014-09-25,2014-11-17,Operating
ReNew Power, Clean Technology ,IND,Gurgaon,2011,2,275000000,2013-06-05,2014-07-03,Operating
RentoMojo,E-Commerce,IND,Bengaluru,2014,14,51443326,06-02-2014,02-05-2025,Operating
reQall, Hardware ,IND,Hyderabad,2007,1,2500000,2006-01-01,2006-01-01,Operating
Revantha Technologies, Image Recognition ,IND,Chennai,2000,1,150000,2012-07-10,2012-07-10,Operating
Reviews42, Reviews and Recommendations ,IND,New Delhi,2010,1,5000000,2014-07-07,2014-07-07,Operating
Revv,Automotive,IND,Gurgaon,2015,3,23300000,08-03-2017,04-05-2019,Operating
RHLvision Technologies, Software ,IND,Ernakulam,2012,2,200000,2013-10-28,2014-03-10,Operating
Rishi Mining Resources, Minerals ,IND,Bhubaneswar,,1,150000,2014-04-01,2014-04-01,Operating
RiverSilica,,IND,Bengaluru,,1,1500000,2014-12-01,2014-12-01,Operating
Rivigo,Logistics,IND,Gurgaon,2014,11,268701257,07-09-2016,26-04-2025,Operating
Robotic Wares, Market Research ,IND,New Delhi,,1,500000,2014-09-10,2014-09-10,Operating
RobotsAlive, Hardware + Software ,IND,Bengaluru,,1,0,2009-08-13,2009-08-13,Operating
Rolocule Games, Games ,IND,Pune,,1,0,2012-05-31,2012-05-31,Operating
Room n House, Travel ,IND,Mumbai,2012,1,166396,2014-07-16,2014-07-16,Operating
Roposo, E-Commerce ,IND,Gurgaon,2012,1,1000000,2014-07-08,2014-07-08,Operating
Rose Island, Shopping ,IND,Chandigarh,2013,1,10000,2013-11-04,2013-11-04,Operating
Roshini International Bio Energy, Clean Technology ,IND,Hyderabad,1996,1,1040000,2008-04-10,2008-04-10,Operating
Royal Yatri Holidays, Travel & Tourism ,IND,Noida,2013,1,0,2014-07-26,2014-07-26,Operating
RupeeTimes, Finance ,IND,Gurgaon,2007,1,0,2000-01-01,2000-01-01,Operating
RxVault.in, Mobile ,IND,New Delhi,2013,1,10000,2013-07-01,2013-07-01,Operating
SafexPay,"FinTech, Payments",IND,Thane,2017,1,5280000,02-06-2019,02-06-2019,Operating
SAMHI Hotels, Finance ,IND,Gurgaon,,1,75000000,2011-11-04,2011-11-04,Operating
Sanghvi, Real Estate ,IND,Pune,2010,1,10000000,2014-03-10,2014-03-10,Operating
Sapience Analytics Private Limited, Human Resources ,IND,Pune,2009,2,8148255,2011-11-30,2014-10-13,Operating
Saraf Foods, Hospitality ,IND,Vadodara,,1,1600000,2014-01-28,2014-01-28,Operating
Satin Creditcare Network Limited (SCNL), Nonprofits ,IND,New Delhi,,1,4700000,2014-04-07,2014-04-07,Operating
SatNav Technologies, Public Transportation ,IND,Hyderabad,2004,1,7000000,2008-05-14,2008-05-14,Closed
Savaari Car Rentals, Public Transportation ,IND,Bengaluru,2006,2,28000000,2012-10-01,2013-10-24,Operating
Saveo,Health Care,IND,Bengaluru,2019,2,3720000,26-08-2021,13-03-2022,Operating
Scandid, Price Comparison ,IND,Pune,2012,1,0,2013-05-21,2013-05-21,Operating
School Admissions, High Schools ,IND,New Delhi,2012,1,50000,2013-04-15,2013-04-15,Operating
Scion Global, Clean Technology ,IND,Bengaluru,,1,187000,2009-10-15,2009-10-15,Operating
Scopial Fashion, Fashion ,IND,Thane,2009,1,0,2009-08-13,2009-08-13,Closed
SD Motiongraphiks, Software ,IND,Mumbai,2014,1,0,2014-05-17,2014-05-17,Operating
Seat 14A, E-Commerce ,IND,New Delhi,2013,1,0,2013-04-24,2013-04-24,Operating
Seclore, Software ,IND,Mumbai,2005,2,6000000,2009-06-08,2013-04-24,Operating
SectorQube, Consumer Electronics ,IND,Ernakulam,2011,1,48000,2014-10-05,2014-10-05,Operating
Securens, Security ,IND,Mumbai,2012,2,9000000,2012-01-01,2014-05-23,Operating
Securesight Technologies, Information Security ,IND,Mumbai,2013,1,10000,2013-10-17,2013-10-17,Operating
SEDEMAC Mechatronics, Clean Technology ,IND,Mumbai,,1,0,2008-09-11,2008-09-11,Operating
SeekSherpa, Leisure ,IND,Delhi,,1,0,2014-07-14,2014-07-14,Operating
Senco Gold, Jewelry ,IND,Calcutta,1938,1,13000000,2014-10-09,2014-10-09,Operating
Sentropi, Security ,IND,Ahmedabad,,1,40000,2013-08-23,2013-08-23,Operating
Setu,Financial Services,IND,Bengaluru,2018,2,18549687,26-01-2020,05-06-2021,Operating
Seventymm, E-Commerce ,IND,Bengaluru,2005,1,1800000,2011-08-10,2011-08-10,Operating
Shadowfax, Logistics,IND,Bengaluru,2015,6,119680000,04-11-2016,03-11-2021,Operating
ShareChat, Social Network,IND,Bengaluru,2015,10,824830000,18-06-2015,10-08-2024,Operating
SharesVault, Finance ,IND,Ahmedabad,2010,1,0,2012-07-01,2012-07-01,Operating
ShieldSquare, Information Security ,IND,Bengaluru,2013,1,350000,2014-10-10,2014-10-10,Operating
Shiprocket,E-Commerce,IND,New Delhi,2017,6,53350000,10-07-2017,02-12-2022,Acquired
Shipsy, Logistics,IND,Gurgaon,2015,4,7697983,02-08-2015,01-04-2018,Operating
Shiram Credit, Finance ,IND,Chennai,,1,15000000,2011-09-18,2011-09-18,Operating
Shop pirate, Internet ,IND,Hyderabad,2013,1,83053,2014-06-19,2014-06-19,Operating
Shop101,E-Commerce,IND,Mumbai,2015,3,19879176,06-08-2017,03-07-2019,Operating
shopatplaces, Lifestyle ,IND,New Delhi,2012,1,33000,2012-05-01,2012-05-01,Operating
ShopClues.com, E-Commerce ,IND,Gurgaon,2011,4,16250000,2011-01-01,2013-04-05,Operating
Shopo, Fashion ,IND,Chennai,2011,1,0,2011-08-17,2011-08-17,Acquired
Shopsense, SaaS ,IND,Mumbai,2012,1,0,2013-09-12,2013-09-12,Operating
ShopX,E-Commerce,IND,Bengaluru,2015,4,56417592,24-05-2016,09-11-2019,Acquired
ShopYourWorld, E-Commerce ,IND,Mumbai,2010,1,0,2013-09-18,2013-09-18,Operating
Shubham Housing Development Finance Company, Real Estate ,IND,New Delhi,2010,2,28000000,2012-11-30,2014-09-09,Operating
Shuttl,Transportation,IND,Gurgaon,2015,13,122313023,08-12-2016,09-11-2025,Operating
Signia Corporate Services, Transportation ,IND,Bengaluru,2010,1,0,2014-04-22,2014-04-22,Operating
Signzy,FinTech,IND,Bengaluru,2015,6,12600000,03-12-2015,05-05-2020,Operating
Simpa Networks, Clean Technology ,IND,Bengaluru,2010,1,1100000,2010-11-29,2010-11-29,Operating
Simpl,E-Commerce,IND,Bengaluru,2015,3,26700000,27-03-2015,04-10-2017,Operating
Simpli5d,,IND,Gurgaon,2011,1,0,2014-11-13,2014-11-13,Operating
Simplibuy Technologies, Curated Web ,IND,Pune,2010,2,403112,2013-02-25,2013-07-26,Operating
Skanray Technologies, Manufacturing ,IND,Mysore,2007,1,14750000,2013-09-03,2013-09-03,Operating
Skelta Software, Software ,IND,Bengaluru,1997,1,1500000,2006-11-15,2006-11-15,Operating
SkillBoost, Human Computer Interaction ,IND,New Delhi,2013,1,0,2014-04-09,2014-04-09,Operating
Skillmatics,"Children, Education",IND,Mumbai,2016,2,7419353,08-05-2017,19-08-2018,Closed
SkillSonics India, Education ,IND,Bengaluru,2011,1,4000000,2013-06-28,2013-06-28,Operating
SkillWiz, Education ,IND,Bengaluru,,1,0,2013-10-31,2013-10-31,Operating
Skyfi Education Labs, Education ,IND,Bengaluru,2010,1,0,2014-03-24,2014-03-24,Operating
Skymet Weather Services, Environmental Innovation ,IND,Noida,2013,1,4500000,2014-08-06,2014-08-06,Operating
Skyroot Aerospace, Transportation,IND,Hyderabad,2018,3,14938971,06-03-2020,03-06-2022,Operating
SleepyCat,E-Commerce,IND,Mumbai,2017,1,1320000,08-03-2019,20-10-2019,Operating
slice," FinTech,",IND,Bengaluru,2016,8,53665909,20-01-2018,27-07-2025,Operating
Sloka Telecom,,IND,Bengaluru,2004,1,900458,2011-03-01,2011-03-01,Operating
smallcase,Financial Services,IND,Bengaluru,2015,3,22000000,25-06-2015,05-01-2017,Operating
Smart Commute, Transportation ,IND,Pune,,1,550000,2014-05-01,2014-05-01,Operating
SmartCrowds, Sales and Marketing ,IND,Bengaluru,2007,1,110000,2008-01-01,2008-01-01,Operating
SmartRx, Software ,IND,Bengaluru,2012,1,0,2013-04-01,2013-04-01,Operating
Smeam.com, Networking ,IND,Ahmedabad,2014,1,0,2014-04-25,2014-04-25,Operating
SMS GupShup, Mobile ,IND,Mumbai,1994,2,22000000,2010-01-20,2011-08-31,Operating
Snapdeal, E-Commerce ,IND,New Delhi,2010,8,1062700000,2011-01-01,2014-10-27,Operating
Snaplion, Development Platforms ,IND,New Delhi,,1,580000,2014-03-01,2014-03-01,Operating
Snowman,,IND,Bengaluru,1996,1,10400000,2013-06-14,2013-06-14,Closed
Soci Ads, Networking ,IND,Mumbai,2011,1,50000,2011-01-11,2011-01-11,Operating
SocioSquare, Search Marketing ,IND,Mumbai,2011,1,325000,2013-08-19,2013-08-19,Operating
SoftTech Engineers, Software ,IND,Pune,,1,0,2014-04-03,2014-04-03,Operating
Sokrati, Internet Marketing ,IND,Pune,2009,1,1030000,2011-03-09,2011-03-09,Operating
Somany Ceramics, Manufacturing ,IND,Noida,1969,1,8000000,2014-02-27,2014-02-27,Operating
Souqalmal, Curated Web ,IND,Dubai,,1,1200000,2013-12-01,2013-12-01,Operating
Sovereign Developers and Infrastructure Limited, Real Estate ,IND,Bengaluru,,1,0,2009-09-01,2009-09-01,Operating
Spayee, Information Technology ,IND,,2014,1,20000,2014-05-05,2014-05-05,Operating
Spice Online Retail, Mobile ,IND,Noida,2010,3,0,2010-01-01,2010-01-01,Operating
Spinny,E-Commerce,IND,Gurgaon,2015,5,126900000,05-10-2016,10-11-2020,Operating
Spire Technologies, Analytics ,IND,Bengaluru,2008,1,8000000,2013-12-11,2013-12-11,Operating
Spodly, E-Commerce ,IND,Cochin,2014,1,0,2014-08-01,2014-08-01,Operating
Springdales School, Education ,IND,New Delhi,,1,25900000,2013-12-17,2013-12-17,Operating
Springr, Curated Web ,IND,Kochi,,1,0,2013-12-15,2013-12-15,Operating
Spunkmobile, Finance ,IND,Mumbai,,1,200000,2013-01-01,2013-01-01,
Square Yards,Market Research,IND,Gurgaon,2014,6,73000000,09-01-2016,21-01-2021,Acquired
SquareKey, Fashion ,IND,Mumbai,2010,1,0,2013-08-06,2013-08-06,Operating
Squeakee, Search ,IND,Mumbai,2012,1,0,2012-12-21,2012-12-21,
Stanza Living, Real Estate,IND,New Delhi,2017,6,172175325,06-06-2017,13-04-2022,Operating
Star Dental Centre, Dental ,IND,New Delhi,,1,20000000,2014-10-09,2014-10-09,Operating
Startup Freak, Startups ,IND,Bengaluru,2012,1,10000,2012-05-25,2012-05-25,Operating
Startup Village, Software ,IND,Kochi,2012,1,24000000,2013-09-24,2013-09-24,Operating
Stashfin, FinTech,IND,New Delhi,2016,3,75000000,27-02-2016,19-03-2018,Operating
Stayzilla, E-Commerce ,IND,Chennai,2005,2,500000,2013-03-01,2013-10-03,Operating
Stockezy, Finance ,IND,Mumbai,2008,1,100000,2011-01-04,2011-01-04,Operating
Storrz, Online Shopping ,IND,Bengaluru,2007,1,100000,2007-01-01,2007-01-01,Closed
StyleCraze Beauty Care Pvt Ltd, Health and Wellness ,IND,Hyderabad,2011,1,0,2013-08-03,2013-08-03,Operating
SuccessNexus.com, E-Commerce ,IND,Mumbai,2010,1,75000,2010-12-01,2010-12-01,Operating
Sudiksha, Education ,IND,Hyderabad,,2,285000,2013-11-27,2014-07-02,Operating
Suksh Tech., Software ,IND,Bengaluru,2008,1,1500000,2008-05-01,2008-05-01,Operating
Sun Animatics, News ,IND,Hyderabad,2014,1,0,2010-11-13,2010-11-13,Operating
SunBorne Energy, Clean Technology ,IND,Gurgaon,2008,4,43600000,2009-12-16,2012-06-20,Operating
SunRise Group of International Technology, Blogging Platforms ,IND,Jabalpur,2007,1,200000,2008-12-20,2008-12-20,Operating
SupportBee, Software ,IND,Bengaluru,2010,1,40000,2011-11-01,2011-11-01,Operating
SureWaves, News ,IND,Bengaluru,2006,1,5700000,2014-01-13,2014-01-13,Operating
Surya Power Magic, Clean Technology ,IND,Coimbatore,,1,500000,2014-06-18,2014-06-18,Operating
Suryoday Micro Finance, Banking ,IND,Mumbai,,1,4500000,2014-06-16,2014-06-16,Operating
Sutures India, Manufacturing ,IND,Bengaluru,1992,1,22900000,2013-09-16,2013-09-16,Operating
Swiggy,Delivery Service,IND,Bengaluru,2014,14,2428380000,12-10-2015,16-05-2025,Operating
Swipe Telecom, News ,IND,Pune,,1,4976700,2014-04-16,2014-04-16,Operating
Swizcom Technologies, Medical ,IND,Bengaluru,2013,1,0,2013-11-08,2013-11-08,Operating
Symbiotec Pharmalab, Biotechnology ,IND,Indore,2002,1,48000000,2013-10-22,2013-10-22,Operating
Synapsica, Health Care,IND,New Delhi,2018,4,4200835,08-10-2020,06-06-2023,Operating
Taggle Internet Ventures Private, Games ,IND,Bengaluru,2010,1,8750000,2010-06-23,2010-06-23,Closed
TalentPad, Marketplaces ,IND,New Delhi,2014,1,0,2014-10-09,2014-10-09,Operating
TalentSprint Educational Services, Education ,IND,Hyderabad,,1,4000000,2012-04-25,2012-04-25,Operating
Tanyas Jewelry, E-Commerce ,IND,Mumbai,2013,1,10000,2013-07-26,2013-07-26,Operating
TastyKhana, E-Commerce ,IND,Pune,2007,1,5000000,2013-06-13,2013-06-13,Acquired
TaxiForSure.com, Transportation ,IND,Bengaluru,2011,4,44000000,2012-05-25,2014-08-20,Operating
TaxiPixi, Travel ,IND,New Delhi,2012,1,0,2014-02-21,2014-02-21,Operating
Teabox, E-Commerce ,IND,Darjeeling,2012,3,8000000,2012-07-17,2014-11-19,Operating
Teachmint,EdTech,IND,Bengaluru,2020,3,20000000,14-10-2022,12-11-2024,Operating
TeamLease Services, Consulting ,IND,Bengaluru,,1,22500000,2011-04-05,2011-04-05,Operating
Techmed Healthcare, Health and Wellness ,IND,Chennai,2008,1,0,2013-12-09,2013-12-09,Operating
Techno Renewable Energy Systems India, Clean Technology ,IND,Hyderabad,2012,1,8000,2014-10-20,2014-10-20,Operating
Tejas Networks India, Web Hosting ,IND,Bengaluru,2000,1,15000000,2005-01-06,2005-01-06,Operating
Tek Travels, Hotels ,IND,Gurgaon,,1,0,2012-04-27,2012-04-27,Operating
TeleDNA, Mobile ,IND,Bengaluru,2001,1,10490000,2008-11-06,2008-11-06,Operating
Telematics4u Services,,IND,Bengaluru,,1,409299,2013-08-01,2013-08-01,Operating
TELiBrahma, Mobile ,IND,Bengaluru,2004,3,2250000,2006-01-01,2011-10-01,Operating
Territorial Prescience, Software ,IND,Bengaluru,2007,1,0,2007-05-11,2007-05-11,Operating
Testbook.com, K-12 Education ,IND,Mumbai,2013,1,200000,2014-10-29,2014-10-29,Operating
Textual Analytics Solutions, Analytics ,IND,Bengaluru,,1,250000,2008-06-18,2008-06-18,Operating
The Beer Café, Hospitality ,IND,Gurgaon,2012,1,0,2013-05-16,2013-05-16,Operating
The Man Company,Beauty,IND,Gurgaon,2015,6,14128602,18-08-2016,01-09-2021,Operating
The Wadhwa Group, Real Estate ,IND,Mumbai,,1,24000000,2013-09-30,2013-09-30,Operating
ThinkLink, Consulting ,IND,Haryana,2006,1,1600000,2014-01-07,2014-01-07,Operating
ThinkVidya, Consulting ,IND,Bengaluru,2011,1,0,2014-01-30,2014-01-30,Operating
Thrillophilia.com, Curated Web ,IND,Bengaluru,2009,3,290000,2011-12-07,2013-09-16,Operating
TicketGoose.com, Travel ,IND,Chennai,2007,3,7413693,2012-10-23,2014-03-27,Operating
Tikona Digital Networks, Internet ,IND,Bhandup,2008,1,45000000,2014-11-17,2014-11-17,Operating
Timesaverz.com, Service Providers ,IND,Mumbai,2013,1,0,2014-10-14,2014-10-14,Operating
TinyOwl Technology, Mobile ,IND,Mumbai,,1,1000000,2014-08-22,2014-08-22,Operating
TLabs, Consulting ,IND,Noida,2012,1,0,2013-06-10,2013-06-10,Operating
Tonbo Imaging, Design ,IND,Bengaluru,2012,1,6400000,2013-08-05,2013-08-05,Operating
Tookitaki, Social Media ,IND,Kolkata,2013,3,425000,2012-10-30,2013-07-25,Operating
Toppr, Education ,IND,Mumbai,2013,1,2000000,2014-05-24,2014-05-24,Operating
Touchtalent, Social Media ,IND,New Delhi,2012,2,710000,2013-02-01,2014-06-09,Operating
Touristlink, Travel ,IND,Nagpur,2011,2,40000,2012-08-09,2013-10-04,Operating
Tower Vision, Mobile ,IND,Chennai,,1,300000000,2008-02-01,2008-02-01,Operating
TradeBriefs, Automotive ,IND,Mumbai,,1,0,2012-07-31,2012-07-31,Operating
Traffline, Curated Web ,IND,Mumbai,2011,2,0,2013-12-06,2014-10-01,Operating
Transerv, Mobile Payments ,IND,Mumbai,,1,0,2014-07-07,2014-07-07,Operating
Transparent IT Solutions, Software ,IND,Vellore,2010,1,0,2010-01-01,2010-01-01,Closed
Travel Desiya, Travel ,IND,Ghaziabad,2013,1,100000,2013-04-02,2013-04-02,Operating
TravelKhana.Com, Online Shopping ,IND,New Delhi,2011,1,0,2013-10-04,2013-10-04,Operating
Treebo Hotels,Hospitality,IND,Bengaluru,2015,9,69174397,11-08-2017,12-12-2025,Operating
Trell,Social Network,IND,Bengaluru,2016,7,16950000,05-08-2016,10-08-2022,Operating
Tribi Embedded Technologies Private, Hardware + Software ,IND,Bengaluru,,1,1600000,2008-02-08,2008-02-08,Operating
TripHobo, Online Travel ,IND,Pune,2012,1,3500000,2014-06-30,2014-06-30,Operating
Trivitron Healthcare, Biotechnology ,IND,Chennai,,2,24500060,2012-10-13,2013-12-10,Operating
True Balance,FinTech,IND,Gurgaon,2014,7,99640920,26-06-2014,04-06-2020,Acquired
TunePatrol, Music ,IND,Bengaluru,2012,1,20000,2012-08-01,2012-08-01,Operating
Turtlemint,Financial Services,IND,Mumbai,2015,5,77000000,14-01-2017,21-05-2021,Acquired
Tushky, Entertainment ,IND,Bengaluru,2011,5,340000,2011-06-01,2013-09-02,Operating
TutorVista.com, Education ,IND,Bengaluru,2005,4,80750000,2006-06-12,2010-09-24,Operating
TVF, E-Commerce,IND,Mumbai,2015,3,20970000,22-04-2016,25-07-2018,Operating
TVS Logistics Services, Manufacturing ,IND,Chennai,,1,53000000,2012-04-21,2012-04-21,Operating
Udaan, Retail,IND,Bengaluru,2016,6,1179919113,15-05-2018,21-09-2023,Operating
UDeserve Technologies, Software ,IND,Madurai,2012,1,0,2013-10-17,2013-10-17,Operating
uFaber, Education ,IND,Mumbai,,1,60532,2013-12-09,2013-12-09,Operating
Unacademy,EdTech,IND,Bengaluru,2015,11,398500000,02-11-2016,17-11-2025,Operating
unamia, E-Commerce ,IND,Bengaluru,2012,1,1200000,2012-10-17,2012-10-17,Operating
Unbxd, E-Commerce ,IND,Bengaluru,2011,2,2030000,2013-10-10,2014-02-01,Operating
Unicommerce eSolutions Pvt. Ltd., Retail Technology ,IND,New Delhi,2012,1,10000000,2014-11-07,2014-11-07,Operating
Uniphore, Software ,IND,Taramani,2008,1,0,2014-03-13,2014-03-13,Operating
United Mobile Apps, Synchronization ,IND,Bengaluru,2009,2,1200000,2009-03-31,2012-04-26,Operating
unlu, Social Media,IND,Gurgaon,2020,2,1284058,25-08-2021,20-07-2022,Operating
Unnati Silks Pvt Ltd, Wholesale ,IND,Chennai,1980,1,3500000,2012-05-01,2012-05-01,Operating
Unocoin, Financial Exchanges ,IND,Tumkur,2013,1,250000,2014-08-11,2014-08-11,Operating
Unspun Consulting Group, Consulting ,IND,Bengaluru,2013,1,250000,2014-03-13,2014-03-13,Operating
UpGrad, EdTech,IND,Mumbai,2015,4,176283446,22-11-2015,18-10-2018,Operating
Urban Company,Home Services,IND,Gurgaon,2014,12,445920356,15-04-2016,08-11-2025,Operating
Urban Ladder, Home Decor ,IND,Bengaluru,2012,3,27000000,2012-08-01,2014-07-15,Operating
UrbanPiper,Information Services,IND,Bengaluru,2015,3,10180783,07-01-2015,20-01-2017,Operating
Utkarsh Micro Finance, Finance ,IND,Varanasi,,3,19240000,2011-09-11,2013-12-20,Operating
Value and Budget Housing Corporation, Real Estate ,IND,Bengaluru,,1,26000000,2011-08-28,2011-08-28,Operating
ValueFirst Messaging, Messaging ,IND,Haryana,,1,15300000,2011-02-04,2011-02-04,Operating
Valyoo Technologies, Fashion ,IND,New Delhi,,1,10000000,2013-02-08,2013-02-08,Operating
Vardhman Textiles, Fashion ,IND,Ludhiana,1973,1,5000000,2013-07-17,2013-07-17,Operating
Varthana, Finance ,IND,Bengaluru,2013,1,0,2013-05-09,2013-05-09,Operating
Vaultize, SaaS ,IND,Pune,2010,1,0,2013-07-10,2013-07-10,Operating
VAYAVYA LABS, Software ,IND,Belgaum,2006,2,1330000,2006-12-01,2011-07-01,Operating
Vectus Industries, Manufacturing ,IND,Noida,,1,16000000,2014-06-19,2014-06-19,Operating
Vedantu, Tutoring ,IND,Bengaluru,2011,2,550000,2013-07-15,2013-07-25,Operating
Vee, Software ,IND,Noida,2014,1,1000000,2014-11-06,2014-11-06,Operating
Velvetcase, E-Commerce ,IND,Mumbai,,1,1000000,2014-11-24,2014-11-24,Operating
Venture Infotek Global Private, Software ,IND,Mumbai,1997,1,20000000,2007-11-20,2007-11-20,Acquired
Vernacular.ai, Speech Recognition,IND,Bengaluru,2016,4,5100000,19-06-2017,01-04-2020,Operating
Versant Online Solutions, Events ,IND,Hyderabad,,1,1000000,2014-06-26,2014-06-26,Operating
Videofropper, Video ,IND,Kolkata,2007,1,0,2008-01-01,2008-01-01,Closed
Videonetics Technologies, Video Streaming ,IND,Kolkata,,1,0,2014-06-25,2014-06-25,Operating
videScreen Networks, Video ,IND,Mumbai,2010,1,30000,2010-01-15,2010-01-15,Closed
VIDTEQ India,,IND,Bengaluru,2008,1,360183,2011-06-01,2011-06-01,Operating
Viedea, Finance ,IND,Bengaluru,2007,1,0,2008-01-01,2008-01-01,Operating
Vignyan Consultancy Services, Consulting ,IND,Bengaluru,2012,1,6000,2013-09-25,2013-09-25,Operating
Vigor Pharma, Medical ,IND,Mumbai,2012,1,0,2014-09-08,2014-09-08,Operating
Village Laundry Service, Finance ,IND,Mumbai,2008,2,0,2010-01-01,2011-06-21,Closed
Villgro Innovation Marketing, Clean Technology ,IND,Chennai,2010,2,200000,2012-04-01,2012-04-01,Operating
Vimagino, Internet ,IND,Bengaluru,2009,1,85000,2010-04-01,2010-04-01,Operating
Viraliti, Social Media Advertising ,IND,Noida,2012,1,20000,2012-08-06,2012-08-06,Operating
Virohan," EdTech, Health Care",IND,Gurgaon,2018,6,3450000,07-07-2018,10-03-2023,Operating
Vistaar, Entrepreneur ,IND,Bengaluru,2012,1,27315200,2014-05-26,2014-05-26,Operating
Vivriti Capital,Analytics,IND,Chennai,2017,4,107701572,08-11-2019,25-06-2022,Acquired
Vizury, Advertising ,IND,Bengaluru,2008,3,27000000,2010-11-27,2014-06-12,Operating
Voonik.com, Lifestyle ,IND,Bengaluru,2013,1,500000,2014-02-01,2014-02-01,Operating
voxapp, Big Data Analytics ,IND,New Delhi,2012,2,0,2013-08-14,2013-08-26,Operating
VoxPop Clothing, E-Commerce ,IND,Mumbai,2013,2,1000000,2013-11-20,2014-11-14,Operating
Voylla Retail Pvt. Ltd., E-Commerce ,IND,Bengaluru,2012,1,0,2012-10-23,2012-10-23,Operating
Vserv, Big Data ,IND,Mumbai,2010,2,7000000,2011-07-20,2013-01-01,Operating
Vyome Biosciences, Life Sciences ,IND,Delhi,,3,12300000,2010-11-01,2014-08-12,Operating
Wakefit,E-Commerce,IND,Bengaluru,2016,2,30000000,21-06-2016,16-07-2017,Closed
Walden's Path, Education ,IND,Hyderabad,,1,250000,2014-04-01,2014-04-01,Operating
Wazzat, Apps ,IND,Hyderabad,2014,1,30000,2014-10-28,2014-10-28,Operating
Wealth India Financial Services, Finance ,IND,Chennai,,2,4412000,2010-07-01,2012-04-01,Operating
WeAreHolidays, Travel ,IND,New Delhi,2011,2,0,2013-06-20,2014-08-05,Operating
Webchutney, Advertising ,IND,New Delhi,,1,0,2007-10-04,2007-10-04,Operating
Welcare, Health and Wellness ,IND,Chennai,,1,100000,2013-12-17,2013-12-17,Operating
Welspun Energy, Clean Technology ,IND,New Delhi,2002,2,72500000,2013-06-20,2014-06-24,Operating
Wheebox, Employment ,IND,Gurgaon,2011,1,0,2013-07-25,2013-07-25,Operating
Wheels Eye,Information Services,IND,Gurgaon,2017,1,840000,03-02-2019,23-07-2019,Operating
WhistleTalk, Enterprise Software ,IND,Bengaluru,2012,1,450000,2012-08-09,2012-08-09,Operating
WhiteHat Education Technology,Education,IND,Andheri,2018,2,11294388,03-12-2018,26-04-2019,Operating
Wifinity Technology, Clean Technology ,IND,Bengaluru,2010,2,100000,2011-01-01,2013-06-24,Operating
wildcraft, E-Commerce ,IND,Bengaluru,1992,1,0,2013-12-17,2013-12-17,Operating
Wings Intellect, Games ,IND,Mumbai,2011,1,500000,2011-11-01,2011-11-01,Operating
WinZO,eSports,IND,New Delhi,2018,5,45500000,24-12-2019,10-01-2023,Operating
Wishberg, Social Media ,IND,Mumbai,2012,1,150000,2013-10-18,2013-10-18,Operating
Wishberry, Crowdfunding ,IND,Mumbai,2011,1,652688,2014-10-21,2014-10-21,Operating
Wits Solutions Pvt. Ltd., Mobile Enterprise ,IND,Bengaluru,2013,1,50000,2014-01-08,2014-01-08,Operating
WorkIndia,Human Resources,IND,Mumbai,2015,3,6390562,07-09-2016,22-09-2018,Operating
WOW Skin Science India Ltd,Fashion,IND,Bengaluru,2016,0,0,21-02-2017,04-10-2017,Closed
Wysa,Health Care,IND,Bengaluru,2015,4,9357626,26-06-2015,23-12-2018,Operating
Xamcheck, Education ,IND,Secunderabad,2009,1,1800000,2014-10-30,2014-10-30,Operating
Xamplified, Education ,IND,New Delhi,2009,1,0,2008-02-01,2008-02-01,Operating
Xcode Life Sciences, Diabetes ,IND,Chennai,2010,1,200000,2013-07-26,2013-07-26,Operating
Xerico Technologies, Mobile ,IND,New Delhi,2011,1,0,2013-07-23,2013-07-23,Operating
XIVE Group, Retail ,IND,Hyderabad,,1,20000,2013-09-13,2013-09-13,Operating
Xpressbees,Logistics,IND,Pune,2015,8,277583000,22-10-2015,27-05-2022,Operating
XSI Semi Conductors, Semiconductors ,IND,Bengaluru,,1,0,2014-01-07,2014-01-07,Operating
XYXX Apparels,"Gaming, Sports",IND,Surat,2017,3,4923799,27-06-2017,02-08-2019,Operating
Yatra, Travel ,IND,Gurgaon,2006,4,45000000,2006-01-11,2014-04-16,Operating
Ybrant Digital, Advertising ,IND,Hyderabad,1999,3,103000000,2007-12-05,2011-01-18,Operating
Yebhi, Shoes ,IND,Gurgaon,2009,4,40180000,2010-01-01,2013-04-25,Operating
Yellow Messenger, Customer Service,IND,Bengaluru,2016,3,24000000,21-09-2016,10-07-2018,Operating
yepme.com, Online Shopping ,IND,Gurgaon,2010,1,500000,2014-05-02,2014-05-02,Operating
YourNextLeap, Education ,IND,Pune,,1,0,2011-08-18,2011-08-18,Operating
Yulu,Transportation,IND,Bengaluru,2017,4,19900000,26-01-2017,26-05-2020,Operating
Zapstitch, Web Tools ,IND,Bengaluru,2013,2,100000,2014-05-01,2014-05-24,Operating
Zaya, Social Network Media ,IND,Mumbai,2013,1,0,2014-05-20,2014-05-20,Operating
Zee Learn, Education ,IND,Mumbai,2010,1,20000000,2013-05-21,2013-05-21,Operating
Zepo, E-Commerce ,IND,Mumbai,2011,1,190000,2014-09-01,2014-09-01,Operating
ZestMoney,FinTech,IND,Bengaluru,2015,9,68373925,22-02-2016,01-11-2024,Operating
Ziffi, Healthcare Services ,IND,Hyderabad,,1,2400000,2014-09-29,2014-09-29,Operating
Zify, Social Network Media ,IND,Hyderabad,2014,1,16600,2014-05-14,2014-05-14,Operating
Zipdial, Mobile ,IND,Bengaluru City,2010,3,0,2011-04-13,2013-04-15,Operating
Zippr, Utilities ,IND,Hyderabad,2013,1,982000,2014-10-09,2014-10-09,Operating
Ziqitza Health Care, Healthcare Services ,IND,Mumbai,2005,2,5750000,2007-03-07,2010-03-26,Operating
Ziva Software, Mobile ,IND,Bengaluru,2005,1,1700000,2007-03-14,2007-03-14,Closed
Zivame.com, Internet ,IND,Bengaluru,2011,2,9000000,2012-03-14,2013-12-10,Operating
Zolve,Banking,IND,Bengaluru,2020,1,15000000,04-05-2022,04-05-2022,Operating
Zomato, Restaurants ,IND,Gurgaon,2008,6,113800000,2010-08-01,2014-11-18,Operating
zoogaad,,IND,Jodhpur,2014,1,500000,2014-05-10,2014-05-10,Operating
zoojoo.BE, Software ,IND,Bengaluru,2012,1,0,2014-05-15,2014-05-15,
Zoom, Consumers ,IND,Bengaluru,,1,1600000,2013-10-04,2013-10-04,Operating
ZoomCar India, Transportation ,IND,Bengaluru,2012,4,10900000,2013-04-01,2014-10-31,Operating
Zoomin.com, Curated Web ,IND,Mumbai,2007,3,21500000,2008-01-01,2014-08-29,Operating
Zoutons, E-Commerce ,IND,New Delhi,2013,1,3300000,2013-09-06,2013-09-06,Operating
Zumbl, Entertainment ,IND,Gurgaon,2012,3,140000,2013-04-03,2014-04-05,Operating
Zuvvu, Advertising ,IND,Ahmadabad,2010,1,12000,2011-11-01,2011-11-01,Closed
